SquareFeet,PropertyType,Bedrooms,Bathrooms,Neighborhood,YearBuilt,Floors,Garage,Price
2094,Independent House,2,2.0,Suburban,1951,2,0,16749000.0
124859,Agricultural Land,0,0.0,Downtown,1950,0,0,17654000.0
4890,Villa,5,1.5,Suburban,1965,2,1,41235000.0
2797,Independent House,3,4.0,Suburban,1963,2,1,21798000.0
683,Apartment,2,1.0,Downtown,1966,2,1,9085000.0
1778,Apartment,3,1.5,Rural,2009,3,1,12270000.0
1164,Apartment,3,3.0,Suburban,2019,2,0,10696000.0
27139,Agricultural Land,0,0.0,Downtown,1950,0,0,7048000.0
2615,Villa,3,1.0,Rural,1966,1,0,23191000.0
4494,Villa,3,3.0,Downtown,1994,2,1,40044000.0
1042,Apartment,3,2.5,Suburban,1987,1,0,9545000.0
150972,Agricultural Land,0,0.0,Suburban,1950,0,0,18900000.0
1642,Penthouse,3,1.0,Downtown,2013,1,1,19407000.0
791,Apartment,2,2.0,Suburban,1955,1,1,7956000.0
977,Apartment,2,2.5,Suburban,2009,1,1,9214000.0
1180,Apartment,1,2.0,Suburban,1998,2,1,10326000.0
1134,Apartment,1,3.5,Downtown,1970,2,1,11151000.0
2716,Independent House,2,3.0,Downtown,1972,2,1,22256000.0
2032,Independent House,3,1.5,Downtown,2025,2,0,19127000.0
692,Apartment,1,1.0,Rural,2006,2,1,5956000.0
3789,Villa,5,3.5,Downtown,2013,3,1,36465000.0
1128,Apartment,1,2.0,Suburban,1978,1,1,8717000.0
1777,Apartment,3,1.0,Rural,1976,1,1,10978000.0
1404,Independent House,2,3.0,Suburban,1955,3,0,13700000.0
2172,Independent House,2,3.0,Rural,1970,3,0,16812000.0
2388,Penthouse,4,2.5,Rural,2020,2,1,21232000.0
1021,Apartment,2,2.0,Suburban,1990,2,1,9529000.0
2641,Independent House,4,2.5,Suburban,1954,1,0,20805000.0
1471,Independent House,4,2.5,Downtown,1964,2,1,15893000.0
1492,Apartment,3,3.0,Downtown,1970,1,1,12996000.0
2346,Villa,4,3.5,Suburban,2007,2,1,24730000.0
1230,Apartment,3,2.0,Downtown,1953,2,0,11211000.0
1637,Apartment,2,2.5,Suburban,2018,1,1,12226000.0
154277,Agricultural Land,0,0.0,Downtown,1950,0,0,21355000.0
49038,Agricultural Land,0,0.0,Downtown,1950,0,0,9759000.0
1618,Penthouse,3,4.0,Suburban,1956,3,1,18239000.0
1145,Apartment,1,1.5,Downtown,1984,3,1,10720000.0
1792,Apartment,3,1.0,Suburban,1985,2,1,12890000.0
4369,Villa,3,3.0,Rural,1964,3,1,36184000.0
1633,Independent House,2,1.5,Suburban,1951,2,1,14545000.0
1562,Apartment,3,1.0,Suburban,2006,3,1,12880000.0
1882,Independent House,2,1.5,Rural,1954,3,0,13914000.0
1379,Apartment,3,2.0,Downtown,2020,1,0,12933000.0
20694,Agricultural Land,0,0.0,Suburban,1950,0,0,4345000.0
1537,Apartment,3,1.5,Downtown,1981,3,0,13034000.0
3220,Villa,3,1.5,Downtown,2021,2,1,31570000.0
1465,Apartment,1,4.0,Rural,1990,1,1,9753000.0
3153,Independent House,2,2.5,Suburban,1991,3,0,23054000.0
2108,Independent House,2,2.5,Rural,2024,1,1,16195000.0
813,Apartment,1,1.0,Suburban,2014,3,1,8354000.0
196547,Agricultural Land,0,0.0,Rural,1950,0,0,21620000.0
2349,Penthouse,4,2.5,Rural,1989,2,1,20880000.0
160850,Agricultural Land,0,0.0,Suburban,1950,0,0,19672000.0
201617,Agricultural Land,0,0.0,Suburban,1950,0,0,24165000.0
2104,Independent House,3,2.5,Suburban,1987,2,1,18218000.0
159492,Agricultural Land,0,0.0,Rural,1950,0,0,17734000.0
1373,Apartment,1,2.5,Downtown,1991,1,0,11728000.0
991,Apartment,2,1.5,Suburban,1986,3,0,9601000.0
1236,Apartment,3,2.0,Suburban,2005,3,1,11138000.0
906,Apartment,1,3.0,Downtown,2020,1,0,9468000.0
2025,Independent House,2,2.5,Downtown,2004,1,1,18624000.0
1119,Apartment,1,2.5,Suburban,2003,2,1,9700000.0
3285,Penthouse,3,2.0,Rural,1971,1,1,24983000.0
2674,Independent House,3,2.0,Suburban,1976,3,1,21264000.0
1235,Apartment,2,2.5,Suburban,1996,1,1,10687000.0
1739,Independent House,2,1.0,Suburban,1987,2,1,15406000.0
1068,Apartment,1,2.5,Suburban,1988,1,1,9220000.0
1711,Penthouse,3,4.0,Rural,1964,3,1,16624000.0
1735,Apartment,1,2.5,Suburban,2015,1,0,12568000.0
47555,Agricultural Land,0,0.0,Downtown,1950,0,0,9530000.0
1976,Penthouse,3,1.5,Downtown,2010,1,1,20463000.0
1473,Apartment,1,1.5,Rural,2009,1,1,9566000.0
1059,Apartment,3,2.5,Rural,1957,2,0,7105000.0
1752,Penthouse,3,3.0,Downtown,1993,2,1,19827000.0
3349,Villa,4,2.0,Downtown,1992,2,1,31906000.0
2551,Villa,4,2.0,Suburban,1955,2,1,25592000.0
2961,Penthouse,3,1.5,Suburban,1976,3,1,25490000.0
1580,Apartment,1,2.5,Suburban,1994,3,1,12232000.0
1853,Independent House,4,2.5,Rural,1972,2,1,14758000.0
835,Apartment,1,4.0,Rural,1962,2,1,6186000.0
81266,Agricultural Land,0,0.0,Rural,1950,0,0,8386000.0
4526,Villa,3,1.5,Suburban,2017,2,1,38471000.0
1643,Apartment,1,2.5,Suburban,2013,1,0,11754000.0
815,Apartment,2,2.0,Suburban,1974,3,0,8456000.0
1454,Apartment,3,2.0,Suburban,2001,1,1,12565000.0
734,Apartment,2,3.0,Downtown,1997,2,1,10286000.0
4752,Villa,5,1.5,Downtown,2010,3,0,41809000.0
2952,Villa,4,1.5,Suburban,1966,2,1,27918000.0
160237,Agricultural Land,0,0.0,Suburban,1950,0,0,19041000.0
2317,Independent House,2,2.5,Suburban,1989,1,1,18711000.0
685,Apartment,2,2.0,Downtown,2024,3,0,9202000.0
4403,Villa,4,1.0,Suburban,2018,1,1,37664000.0
3365,Penthouse,3,2.0,Downtown,1975,3,0,28650000.0
2469,Independent House,4,2.0,Suburban,2005,2,1,20850000.0
1877,Penthouse,4,3.5,Suburban,1989,3,1,20358000.0
2680,Independent House,4,1.5,Rural,2017,1,1,19344000.0
2074,Independent House,4,3.0,Suburban,1957,1,1,18198000.0
1241,Independent House,4,1.0,Suburban,2022,1,1,13657000.0
1519,Apartment,3,1.5,Suburban,1994,1,1,12203000.0
865,Apartment,3,1.5,Suburban,1966,2,0,8701000.0
1743,Apartment,2,3.0,Downtown,1990,1,0,14106000.0
4559,Villa,5,1.5,Suburban,1958,2,1,38608000.0
669,Apartment,1,2.5,Suburban,2019,3,0,8229000.0
3104,Independent House,3,2.0,Suburban,1973,1,1,23430000.0
58184,Agricultural Land,0,0.0,Suburban,1950,0,0,8636000.0
1400,Apartment,2,4.0,Rural,2022,3,1,10085000.0
2041,Independent House,3,3.0,Downtown,1960,3,1,18605000.0
3475,Penthouse,3,2.5,Suburban,1984,2,1,29387000.0
1331,Apartment,1,3.0,Rural,1978,1,1,8433000.0
1424,Apartment,3,2.5,Rural,1957,2,1,9670000.0
1355,Apartment,2,3.0,Downtown,1966,1,1,12508000.0
951,Apartment,2,1.5,Rural,2020,3,1,8170000.0
185530,Agricultural Land,0,0.0,Downtown,1950,0,0,24881000.0
2821,Penthouse,4,1.0,Suburban,1961,2,1,24551000.0
4130,Villa,4,2.5,Suburban,1999,1,1,36172000.0
62103,Agricultural Land,0,0.0,Suburban,1950,0,0,8943000.0
2516,Penthouse,3,2.0,Suburban,1973,3,1,23174000.0
1143,Apartment,1,2.0,Downtown,1986,2,1,10754000.0
213865,Agricultural Land,0,0.0,Downtown,1950,0,0,27029000.0
1024,Independent House,2,2.0,Suburban,1960,2,1,11231000.0
2342,Penthouse,4,2.0,Downtown,2008,2,0,23484000.0
174296,Agricultural Land,0,0.0,Rural,1950,0,0,19370000.0
656,Apartment,2,2.5,Suburban,2004,2,0,8334000.0
779,Apartment,1,1.0,Downtown,1976,3,1,9371000.0
831,Apartment,2,4.0,Suburban,2016,3,1,9542000.0
2917,Independent House,3,3.5,Suburban,2009,3,1,23528000.0
1842,Penthouse,3,3.5,Downtown,1951,3,1,19590000.0
33378,Agricultural Land,0,0.0,Suburban,1950,0,0,6039000.0
1175,Apartment,2,2.0,Rural,2017,1,1,8295000.0
1454,Independent House,2,2.0,Suburban,1967,3,1,14157000.0
2255,Independent House,3,3.5,Suburban,1969,2,1,19064000.0
888,Apartment,1,3.5,Suburban,2012,2,1,9539000.0
857,Apartment,2,2.5,Downtown,2021,2,0,10086000.0
1129,Apartment,1,2.0,Downtown,1951,2,1,10728000.0
29738,Agricultural Land,0,0.0,Rural,1950,0,0,3581000.0
828,Apartment,2,2.0,Rural,1991,1,1,6503000.0
1595,Independent House,3,2.5,Downtown,1977,2,1,16439000.0
2234,Villa,4,1.5,Suburban,1978,2,1,23479000.0
1881,Independent House,2,2.5,Rural,2018,2,1,14937000.0
81097,Agricultural Land,0,0.0,Downtown,1950,0,0,13106000.0
145410,Agricultural Land,0,0.0,Downtown,1950,0,0,20421000.0
687,Apartment,3,3.0,Rural,1977,3,1,6281000.0
2565,Independent House,3,2.5,Suburban,2009,3,1,21212000.0
908,Apartment,2,2.0,Downtown,1954,1,1,10061000.0
1505,Apartment,1,2.0,Suburban,1964,1,1,10910000.0
942,Apartment,2,4.0,Downtown,2022,1,1,11217000.0
2235,Villa,4,2.5,Suburban,1981,2,1,23228000.0
1176,Independent House,3,2.5,Suburban,2001,1,1,12581000.0
738,Apartment,2,2.5,Suburban,1986,3,1,8459000.0
793,Apartment,3,2.5,Suburban,1964,3,1,8827000.0
211542,Agricultural Land,0,0.0,Suburban,1950,0,0,25282000.0
1787,Apartment,3,2.5,Downtown,1990,3,1,15790000.0
1784,Apartment,2,2.0,Downtown,1953,2,1,13824000.0
1942,Independent House,3,2.0,Rural,2002,2,0,15080000.0
68218,Agricultural Land,0,0.0,Suburban,1950,0,0,9289000.0
1665,Apartment,2,2.0,Downtown,1976,1,1,13725000.0
4762,Villa,5,1.0,Suburban,1970,1,0,39348000.0
1709,Penthouse,3,1.5,Rural,2009,1,1,15977000.0
1340,Apartment,1,1.5,Suburban,2013,1,1,10443000.0
2661,Villa,3,3.0,Suburban,2020,2,1,27184000.0
1953,Independent House,3,1.5,Downtown,1996,3,1,18656000.0
3102,Villa,4,1.0,Downtown,2003,2,0,30434000.0
3074,Villa,5,1.0,Rural,1980,1,1,27083000.0
2743,Independent House,3,2.5,Suburban,1966,2,1,21816000.0
1432,Apartment,2,1.0,Suburban,1999,3,0,11265000.0
1639,Penthouse,3,2.0,Rural,1956,2,1,16046000.0
1391,Apartment,3,1.0,Rural,1977,3,1,9882000.0
1145,Apartment,3,3.0,Downtown,1959,1,0,10661000.0
1616,Apartment,3,3.5,Downtown,1976,2,1,14385000.0
2927,Independent House,2,3.5,Suburban,1962,1,1,22498000.0
3353,Villa,5,2.0,Downtown,2015,1,1,32702000.0
656,Apartment,3,2.5,Suburban,2009,3,0,8555000.0
3159,Independent House,3,2.0,Rural,1992,3,0,21385000.0
604,Apartment,2,2.0,Suburban,2018,1,0,7116000.0
3237,Villa,4,2.0,Downtown,2012,3,1,32009000.0
1636,Apartment,1,1.0,Downtown,2019,3,1,13274000.0
3162,Villa,5,2.5,Suburban,2014,1,0,30213000.0
2820,Independent House,4,1.5,Rural,2016,1,1,20572000.0
54778,Agricultural Land,0,0.0,Suburban,1950,0,0,7751000.0
1215,Apartment,1,2.0,Downtown,2003,3,1,11316000.0
1490,Apartment,3,2.0,Downtown,1985,1,0,12348000.0
1297,Apartment,2,2.0,Rural,2020,1,0,9129000.0
116338,Agricultural Land,0,0.0,Suburban,1950,0,0,14275000.0
29532,Agricultural Land,0,0.0,Rural,1950,0,0,3537000.0
1570,Apartment,1,3.0,Suburban,1964,3,0,12096000.0
2931,Villa,5,2.5,Suburban,2024,2,0,28721000.0
2167,Penthouse,3,2.5,Downtown,1967,2,1,21828000.0
2281,Independent House,2,2.0,Suburban,1953,1,1,18134000.0
1996,Independent House,4,1.0,Suburban,1960,3,1,17520000.0
881,Apartment,2,2.0,Rural,1955,1,1,6139000.0
1585,Apartment,3,3.5,Downtown,2000,3,1,14444000.0
129076,Agricultural Land,0,0.0,Downtown,1950,0,0,18526000.0
35081,Agricultural Land,0,0.0,Suburban,1950,0,0,5738000.0
2735,Villa,5,4.0,Downtown,2007,1,1,29100000.0
853,Apartment,2,2.5,Suburban,2009,1,1,9510000.0
928,Apartment,3,1.5,Downtown,1967,3,1,10787000.0
4391,Villa,5,1.0,Downtown,2016,1,1,39661000.0
42290,Agricultural Land,0,0.0,Suburban,1950,0,0,6550000.0
121063,Agricultural Land,0,0.0,Suburban,1950,0,0,14801000.0
2982,Penthouse,3,2.0,Suburban,1966,2,1,26377000.0
4692,Villa,3,3.0,Downtown,1983,2,1,40709000.0
1792,Apartment,1,2.5,Rural,1979,3,1,11217000.0
965,Apartment,1,3.0,Downtown,1968,1,1,10183000.0
73464,Agricultural Land,0,0.0,Downtown,1950,0,0,12207000.0
3185,Villa,5,2.5,Suburban,1958,2,0,30144000.0
1359,Apartment,2,1.0,Downtown,1989,3,0,12044000.0
1238,Apartment,1,1.0,Suburban,1993,3,1,10179000.0
3598,Villa,4,1.0,Rural,2008,3,0,30459000.0
1663,Apartment,3,2.0,Suburban,1974,2,1,12521000.0
1523,Apartment,1,1.5,Suburban,2020,2,1,11317000.0
1415,Independent House,4,2.5,Suburban,2002,2,1,15776000.0
2054,Villa,4,2.5,Downtown,1997,2,1,24577000.0
2966,Villa,3,1.5,Suburban,2020,1,1,28375000.0
1309,Apartment,1,1.5,Suburban,2002,2,1,11100000.0
4424,Villa,3,1.0,Rural,1998,3,1,36261000.0
1499,Apartment,1,2.5,Downtown,1992,1,0,12553000.0
610,Apartment,2,2.0,Suburban,1968,2,1,7241000.0
1825,Villa,3,1.5,Rural,2015,1,1,19190000.0
4804,Villa,5,3.0,Suburban,1983,3,1,41595000.0
1920,Penthouse,3,2.0,Rural,2022,2,0,17871000.0
3044,Villa,4,2.0,Suburban,2003,1,1,29021000.0
2876,Independent House,2,2.5,Suburban,1950,2,1,21757000.0
1095,Apartment,2,3.0,Rural,2004,1,0,7936000.0
2260,Independent House,3,2.5,Downtown,1964,1,1,19659000.0
836,Apartment,3,2.0,Downtown,1964,3,1,10242000.0
1608,Apartment,1,2.0,Suburban,1972,3,1,12408000.0
214591,Agricultural Land,0,0.0,Suburban,1950,0,0,26063000.0
2959,Independent House,2,2.5,Rural,2015,2,0,20729000.0
51785,Agricultural Land,0,0.0,Rural,1950,0,0,5847000.0
4482,Villa,3,2.0,Rural,1995,2,0,36179000.0
2667,Penthouse,3,2.5,Downtown,1958,1,0,24211000.0
1989,Independent House,4,3.0,Suburban,2015,3,0,18156000.0
1188,Independent House,3,3.5,Suburban,2015,3,1,14322000.0
1254,Independent House,3,1.5,Rural,1967,1,0,11088000.0
667,Apartment,2,1.5,Suburban,1966,3,1,8011000.0
2415,Villa,5,1.5,Downtown,2021,3,0,26750000.0
935,Apartment,3,2.5,Rural,1983,1,0,6402000.0
1270,Apartment,3,2.0,Suburban,2018,2,0,11397000.0
4668,Villa,4,1.5,Suburban,2013,2,0,39730000.0
1473,Apartment,3,1.0,Suburban,1993,2,0,11752000.0
15911,Agricultural Land,0,0.0,Suburban,1950,0,0,3320000.0
101928,Agricultural Land,0,0.0,Suburban,1950,0,0,13113000.0
179464,Agricultural Land,0,0.0,Suburban,1950,0,0,22301000.0
2007,Independent House,3,1.5,Suburban,1978,1,1,16792000.0
952,Apartment,2,1.0,Downtown,2011,2,1,10625000.0
26841,Agricultural Land,0,0.0,Suburban,1950,0,0,4756000.0
1283,Independent House,2,1.5,Suburban,1965,1,0,12464000.0
182164,Agricultural Land,0,0.0,Suburban,1950,0,0,21978000.0
36666,Agricultural Land,0,0.0,Suburban,1950,0,0,6395000.0
204291,Agricultural Land,0,0.0,Suburban,1950,0,0,24484000.0
1214,Apartment,1,2.5,Suburban,2001,1,1,10513000.0
2388,Independent House,2,1.0,Suburban,1951,3,0,19129000.0
150184,Agricultural Land,0,0.0,Suburban,1950,0,0,18816000.0
1189,Apartment,2,1.0,Suburban,2010,3,0,10450000.0
1698,Apartment,1,3.0,Suburban,1953,2,1,12634000.0
2065,Independent House,2,3.0,Suburban,2001,1,1,17888000.0
98336,Agricultural Land,0,0.0,Downtown,1950,0,0,14935000.0
3004,Villa,3,1.5,Rural,1990,2,1,26177000.0
1544,Independent House,4,1.0,Rural,2001,2,0,13161000.0
670,Apartment,2,2.5,Suburban,1980,3,1,7913000.0
4976,Villa,3,2.0,Suburban,1975,2,1,40977000.0
168730,Agricultural Land,0,0.0,Rural,1950,0,0,18703000.0
1367,Apartment,3,1.0,Downtown,1976,2,1,11856000.0
3354,Independent House,4,1.5,Suburban,2000,3,1,25326000.0
51533,Agricultural Land,0,0.0,Downtown,1950,0,0,9748000.0
4224,Villa,5,1.0,Suburban,1997,2,1,37759000.0
2454,Villa,3,2.0,Rural,1960,2,1,22846000.0
4525,Villa,5,3.0,Suburban,1957,1,1,38670000.0
3446,Independent House,3,2.5,Suburban,1961,2,1,25030000.0
820,Apartment,3,2.0,Rural,1994,3,1,6483000.0
3118,Penthouse,3,2.0,Suburban,1983,3,0,26115000.0
1681,Penthouse,4,2.5,Suburban,2021,1,1,18265000.0
67834,Agricultural Land,0,0.0,Suburban,1950,0,0,9169000.0
72377,Agricultural Land,0,0.0,Suburban,1950,0,0,9958000.0
3051,Independent House,4,2.0,Rural,1996,3,1,21876000.0
1847,Independent House,4,1.5,Rural,1970,3,1,14606000.0
2303,Penthouse,4,2.5,Suburban,1990,3,1,22508000.0
2014,Villa,3,3.0,Suburban,2024,2,1,22349000.0
4819,Villa,4,2.0,Downtown,1971,1,1,41609000.0
3133,Penthouse,4,3.0,Rural,1970,1,1,25217000.0
176367,Agricultural Land,0,0.0,Suburban,1950,0,0,21548000.0
1562,Apartment,1,2.0,Suburban,1977,1,1,11800000.0
1572,Independent House,4,2.0,Downtown,2016,1,0,16083000.0
1257,Apartment,1,1.0,Rural,2020,3,1,8686000.0
2533,Independent House,2,2.5,Downtown,1963,2,1,20827000.0
1686,Apartment,2,3.0,Downtown,2022,3,1,14461000.0
2656,Independent House,2,2.5,Suburban,2001,3,1,20821000.0
1225,Independent House,4,1.5,Suburban,1992,3,0,14160000.0
704,Apartment,2,1.0,Suburban,2020,3,0,8343000.0
2997,Independent House,4,2.0,Suburban,2025,1,1,24070000.0
1371,Apartment,2,2.0,Suburban,1968,1,1,10903000.0
1028,Apartment,3,2.0,Downtown,1976,2,1,10748000.0
1933,Penthouse,4,4.0,Downtown,1967,3,0,21504000.0
2230,Independent House,2,2.5,Rural,1962,1,1,16737000.0
1651,Apartment,1,2.0,Downtown,1950,2,1,13132000.0
1865,Independent House,2,1.0,Downtown,1983,3,1,17470000.0
2245,Penthouse,4,1.0,Suburban,1962,3,1,21545000.0
1790,Apartment,3,2.5,Suburban,2000,1,0,13702000.0
4711,Villa,4,3.0,Suburban,1950,3,1,39967000.0
967,Apartment,2,2.5,Rural,1977,3,1,7456000.0
850,Apartment,2,2.0,Rural,1981,1,1,6249000.0
1855,Independent House,2,1.0,Suburban,2021,2,1,16611000.0
2193,Independent House,4,4.0,Suburban,2004,2,1,19229000.0
4961,Villa,4,4.0,Suburban,1975,1,1,41631000.0
2360,Villa,5,2.0,Suburban,1963,1,1,24507000.0
79581,Agricultural Land,0,0.0,Downtown,1950,0,0,12736000.0
1918,Independent House,3,1.0,Suburban,2017,2,0,16846000.0
1773,Apartment,1,2.0,Downtown,2012,2,1,14590000.0
2655,Penthouse,3,3.0,Rural,1963,1,0,21821000.0
1032,Apartment,2,2.5,Suburban,1976,1,0,9020000.0
3106,Independent House,3,2.5,Downtown,1990,1,0,24301000.0
1568,Apartment,2,1.0,Downtown,1952,3,0,12522000.0
1435,Apartment,2,1.0,Rural,2008,1,0,9222000.0
114225,Agricultural Land,0,0.0,Suburban,1950,0,0,14378000.0
2397,Penthouse,3,1.0,Suburban,1972,3,1,21958000.0
2271,Villa,4,3.5,Suburban,1967,2,0,24022000.0
1246,Independent House,3,2.0,Rural,2023,2,1,11935000.0
981,Apartment,1,2.5,Suburban,2025,1,1,9444000.0
1590,Apartment,2,1.0,Downtown,1990,1,0,12799000.0
1526,Apartment,3,3.5,Downtown,1957,2,1,13388000.0
2191,Independent House,4,3.0,Suburban,1981,2,1,19079000.0
4407,Villa,4,1.5,Rural,1990,2,1,35186000.0
2874,Villa,3,3.0,Downtown,1994,2,1,29674000.0
1288,Apartment,1,1.5,Suburban,1958,1,1,9852000.0
158682,Agricultural Land,0,0.0,Suburban,1950,0,0,20086000.0
4951,Villa,3,1.5,Rural,1997,3,1,39757000.0
2484,Independent House,3,1.5,Suburban,1973,2,1,19618000.0
4758,Villa,4,3.5,Suburban,1993,2,1,40609000.0
1959,Independent House,4,3.5,Downtown,2007,3,1,19303000.0
1077,Apartment,1,1.5,Downtown,2015,1,1,10474000.0
1706,Independent House,3,2.5,Suburban,1967,3,0,15193000.0
2737,Penthouse,4,2.5,Suburban,1978,1,1,24306000.0
1453,Apartment,2,3.0,Suburban,2024,1,0,11502000.0
1737,Apartment,2,1.5,Rural,1951,1,1,10489000.0
1616,Apartment,1,2.0,Suburban,2017,1,1,11725000.0
1353,Apartment,1,2.5,Suburban,1988,1,1,11393000.0
109191,Agricultural Land,0,0.0,Downtown,1950,0,0,16214000.0
4664,Villa,5,1.0,Downtown,2022,2,1,41784000.0
1587,Independent House,2,2.0,Suburban,1990,1,1,14419000.0
1307,Apartment,2,2.5,Suburban,2020,2,1,11672000.0
1206,Independent House,4,1.5,Suburban,2024,1,1,13155000.0
3198,Independent House,2,3.5,Rural,1971,2,1,21474000.0
1267,Apartment,1,1.0,Suburban,1998,3,1,10786000.0
1164,Independent House,2,3.5,Suburban,1977,3,0,12664000.0
2998,Independent House,2,1.5,Rural,1965,2,1,20185000.0
4857,Villa,4,1.0,Suburban,2017,1,1,40524000.0
3884,Villa,3,1.5,Downtown,2011,2,0,35042000.0
932,Apartment,2,2.5,Downtown,1985,2,1,9940000.0
1402,Independent House,3,2.5,Suburban,1971,1,0,13481000.0
2213,Villa,4,1.5,Rural,1960,3,1,21556000.0
1044,Independent House,4,1.5,Downtown,1991,2,0,13433000.0
48998,Agricultural Land,0,0.0,Suburban,1950,0,0,7417000.0
1861,Villa,4,2.5,Suburban,2004,3,1,21354000.0
1019,Apartment,1,2.0,Rural,2022,3,0,7564000.0
1467,Apartment,3,2.5,Suburban,1984,3,1,12229000.0
3291,Villa,3,1.0,Rural,2006,2,1,28128000.0
1419,Apartment,2,2.5,Suburban,1983,2,1,11162000.0
1018,Independent House,2,2.5,Downtown,2022,1,1,13487000.0
107323,Agricultural Land,0,0.0,Downtown,1950,0,0,15468000.0
3475,Independent House,4,4.0,Suburban,2019,1,1,26270000.0
2140,Independent House,4,2.5,Suburban,1953,2,1,18375000.0
2379,Villa,3,1.5,Rural,1995,1,0,21774000.0
1545,Independent House,2,1.0,Downtown,1960,3,0,15281000.0
2729,Independent House,2,2.5,Suburban,2010,3,0,21483000.0
80434,Agricultural Land,0,0.0,Downtown,1950,0,0,12944000.0
1777,Independent House,4,2.0,Suburban,1984,2,1,16074000.0
104208,Agricultural Land,0,0.0,Rural,1950,0,0,11889000.0
77550,Agricultural Land,0,0.0,Downtown,1950,0,0,12779000.0
830,Apartment,2,3.0,Suburban,2018,3,1,9055000.0
1052,Apartment,1,2.5,Downtown,2006,2,1,10267000.0
993,Apartment,2,2.0,Suburban,1960,2,1,9186000.0
1751,Apartment,3,2.0,Downtown,1961,2,1,14096000.0
1290,Apartment,1,2.0,Suburban,1992,3,0,10102000.0
4239,Villa,3,1.5,Suburban,1968,2,0,36248000.0
1203,Apartment,3,1.0,Suburban,2017,2,1,10316000.0
1480,Apartment,1,2.0,Downtown,2008,1,0,12275000.0
3266,Penthouse,4,1.5,Suburban,1951,3,1,27800000.0
1701,Apartment,3,1.5,Suburban,1957,2,0,12520000.0
1584,Penthouse,3,1.0,Suburban,1971,1,1,16465000.0
1653,Apartment,1,1.5,Downtown,1970,2,1,13495000.0
648,Apartment,3,1.0,Rural,1978,3,1,6372000.0
2968,Villa,3,2.5,Suburban,2024,1,1,28962000.0
1868,Villa,3,2.0,Downtown,2024,1,1,22320000.0
12778,Agricultural Land,0,0.0,Downtown,1950,0,0,5638000.0
4326,Villa,5,2.0,Rural,1986,2,0,35878000.0
2319,Penthouse,3,2.5,Downtown,1978,2,0,22958000.0
1794,Apartment,2,4.0,Rural,1986,3,0,11452000.0
746,Apartment,2,1.0,Suburban,1970,3,1,7907000.0
3007,Penthouse,3,2.0,Suburban,1961,2,1,25267000.0
2829,Penthouse,4,1.5,Suburban,1997,1,0,25158000.0
10910,Agricultural Land,0,0.0,Downtown,1950,0,0,5470000.0
2869,Independent House,3,2.0,Suburban,1996,3,1,23104000.0
2015,Independent House,2,3.5,Suburban,1964,3,1,16978000.0
2108,Penthouse,4,2.5,Rural,2016,1,1,18974000.0
1045,Apartment,3,2.5,Suburban,1962,2,1,9819000.0
99213,Agricultural Land,0,0.0,Suburban,1950,0,0,13592000.0
120687,Agricultural Land,0,0.0,Downtown,1950,0,0,17599000.0
2401,Independent House,2,2.0,Suburban,2008,3,1,19574000.0
3143,Penthouse,3,2.5,Downtown,2022,1,1,28402000.0
2789,Penthouse,3,1.0,Downtown,1962,3,1,25375000.0
694,Apartment,1,2.0,Downtown,2021,1,1,9317000.0
194261,Agricultural Land,0,0.0,Suburban,1950,0,0,23627000.0
1896,Independent House,2,2.0,Suburban,1968,3,0,16727000.0
2594,Penthouse,3,1.5,Suburban,2006,2,0,22868000.0
818,Apartment,3,1.5,Suburban,1981,1,1,7982000.0
137315,Agricultural Land,0,0.0,Rural,1950,0,0,15235000.0
1126,Independent House,4,3.0,Suburban,1970,3,0,13228000.0
679,Apartment,2,1.0,Suburban,1963,3,1,7873000.0
209866,Agricultural Land,0,0.0,Suburban,1950,0,0,25157000.0
1582,Apartment,1,1.0,Rural,1973,1,1,9514000.0
1515,Apartment,2,2.0,Suburban,1998,1,1,12302000.0
123146,Agricultural Land,0,0.0,Suburban,1950,0,0,15310000.0
194892,Agricultural Land,0,0.0,Downtown,1950,0,0,26178000.0
2812,Independent House,3,1.5,Rural,1981,2,0,19912000.0
3353,Villa,5,2.5,Downtown,2024,1,1,32892000.0
2966,Independent House,3,2.5,Downtown,1960,3,1,23723000.0
1680,Apartment,3,2.5,Suburban,2009,2,0,13374000.0
618,Apartment,2,1.5,Rural,2017,1,1,6243000.0
3207,Villa,3,2.5,Suburban,2010,3,0,29887000.0
3388,Penthouse,4,3.0,Suburban,1954,1,1,28902000.0
2716,Penthouse,3,1.5,Rural,1985,3,0,21753000.0
1736,Penthouse,3,1.5,Suburban,2013,3,1,18731000.0
876,Apartment,3,3.0,Suburban,1981,2,1,9038000.0
1744,Independent House,3,1.0,Suburban,2020,2,1,16361000.0
1151,Apartment,2,2.0,Rural,2023,1,1,8441000.0
2176,Independent House,4,1.0,Suburban,2015,2,1,18913000.0
1638,Independent House,2,1.0,Rural,1959,1,0,11879000.0
83514,Agricultural Land,0,0.0,Downtown,1950,0,0,13358000.0
3102,Independent House,2,1.0,Suburban,1970,2,1,22731000.0
1283,Apartment,2,2.0,Downtown,1989,2,0,11648000.0
708,Apartment,2,2.5,Suburban,1991,1,1,8003000.0
3389,Penthouse,3,1.5,Rural,2021,2,1,26162000.0
3007,Villa,4,3.0,Suburban,1995,2,1,28590000.0
972,Apartment,2,2.0,Downtown,2022,2,0,10734000.0
1572,Apartment,3,4.0,Downtown,1990,2,0,14089000.0
3320,Villa,5,3.5,Suburban,1953,1,1,31111000.0
800,Apartment,2,2.5,Downtown,1963,3,1,9879000.0
2348,Penthouse,3,3.5,Suburban,1963,1,1,21833000.0
4356,Villa,4,2.5,Rural,2002,1,1,35657000.0
874,Apartment,1,3.0,Suburban,1978,1,0,7988000.0
810,Apartment,1,1.5,Suburban,1972,2,1,7334000.0
150830,Agricultural Land,0,0.0,Suburban,1950,0,0,18764000.0
1702,Independent House,2,1.5,Suburban,1980,2,0,15232000.0
3089,Independent House,4,2.5,Downtown,2020,3,0,25734000.0
1814,Penthouse,3,2.0,Rural,2010,2,0,16761000.0
121105,Agricultural Land,0,0.0,Suburban,1950,0,0,15106000.0
11680,Agricultural Land,0,0.0,Downtown,1950,0,0,5444000.0
2442,Penthouse,4,3.0,Downtown,1972,3,1,24311000.0
1257,Independent House,4,3.0,Downtown,1957,3,0,14146000.0
1174,Apartment,2,1.5,Suburban,2025,2,1,10699000.0
2073,Penthouse,4,3.0,Suburban,1965,3,0,20921000.0
2042,Independent House,4,1.5,Suburban,1975,1,0,17371000.0
2552,Independent House,4,1.5,Suburban,1978,1,1,20454000.0
53277,Agricultural Land,0,0.0,Rural,1950,0,0,5872000.0
1357,Apartment,2,2.0,Rural,1955,1,1,8802000.0
2104,Independent House,3,1.5,Suburban,1986,3,1,18103000.0
1023,Apartment,1,2.0,Suburban,1982,3,1,8979000.0
1428,Independent House,3,2.0,Rural,1995,1,0,12341000.0
803,Apartment,2,1.5,Suburban,2010,2,1,8843000.0
795,Apartment,3,2.5,Suburban,1990,1,1,9267000.0
1327,Apartment,1,2.5,Downtown,1967,2,1,12097000.0
4132,Villa,3,1.5,Suburban,1965,2,1,35276000.0
3792,Villa,4,1.5,Downtown,2000,3,1,35337000.0
3243,Independent House,4,3.0,Downtown,1986,3,0,26322000.0
122411,Agricultural Land,0,0.0,Rural,1950,0,0,13313000.0
1013,Independent House,4,3.0,Suburban,1963,2,0,12574000.0
1769,Apartment,3,1.5,Rural,2017,2,1,11818000.0
27646,Agricultural Land,0,0.0,Suburban,1950,0,0,5289000.0
1322,Apartment,3,1.0,Rural,1979,2,0,8790000.0
136536,Agricultural Land,0,0.0,Suburban,1950,0,0,17035000.0
1128,Apartment,2,3.0,Suburban,2009,3,1,10685000.0
186822,Agricultural Land,0,0.0,Suburban,1950,0,0,22506000.0
808,Apartment,3,2.5,Downtown,2002,1,1,9376000.0
195997,Agricultural Land,0,0.0,Suburban,1950,0,0,23728000.0
2311,Independent House,2,1.0,Suburban,1985,2,1,19234000.0
98997,Agricultural Land,0,0.0,Downtown,1950,0,0,14941000.0
870,Apartment,1,2.0,Suburban,1979,3,1,8134000.0
2947,Independent House,3,2.0,Downtown,2013,1,0,24185000.0
109946,Agricultural Land,0,0.0,Downtown,1950,0,0,16507000.0
3044,Independent House,4,2.5,Suburban,1963,3,1,23894000.0
2218,Villa,5,1.5,Rural,1972,1,1,21757000.0
3549,Villa,5,2.0,Suburban,1997,3,1,32804000.0
2388,Independent House,4,1.5,Suburban,1977,1,1,19806000.0
2899,Villa,4,3.5,Rural,1956,2,1,26043000.0
3480,Independent House,4,2.5,Suburban,1991,3,1,26109000.0
165653,Agricultural Land,0,0.0,Suburban,1950,0,0,20413000.0
1670,Apartment,2,2.5,Downtown,1959,1,1,13501000.0
978,Apartment,3,2.5,Suburban,2017,1,0,9797000.0
10611,Agricultural Land,0,0.0,Suburban,1950,0,0,3280000.0
144263,Agricultural Land,0,0.0,Suburban,1950,0,0,18118000.0
2169,Independent House,4,2.0,Rural,1993,1,1,17035000.0
3703,Villa,3,3.5,Suburban,1962,2,1,33202000.0
1650,Apartment,2,1.0,Downtown,1982,3,0,13787000.0
1129,Apartment,1,3.0,Rural,1981,1,0,7731000.0
1678,Independent House,3,1.5,Suburban,1997,2,1,15940000.0
2968,Independent House,4,1.5,Rural,1954,2,0,20175000.0
1988,Independent House,4,2.0,Suburban,2010,2,0,18048000.0
1705,Apartment,2,2.5,Downtown,1952,2,1,13861000.0
190196,Agricultural Land,0,0.0,Suburban,1950,0,0,22519000.0
130632,Agricultural Land,0,0.0,Suburban,1950,0,0,16014000.0
3589,Villa,3,3.0,Downtown,1973,2,0,32940000.0
2185,Independent House,3,2.0,Suburban,1983,2,0,17806000.0
1531,Apartment,2,2.0,Suburban,1991,2,1,11712000.0
2925,Penthouse,3,3.5,Suburban,1969,3,1,26154000.0
2861,Villa,3,1.5,Downtown,1990,3,1,28926000.0
1110,Apartment,2,3.0,Suburban,1969,2,1,10271000.0
130237,Agricultural Land,0,0.0,Downtown,1950,0,0,18290000.0
2212,Penthouse,3,2.5,Suburban,1955,1,1,20344000.0
59728,Agricultural Land,0,0.0,Downtown,1950,0,0,10611000.0
3078,Villa,3,2.0,Downtown,2006,1,1,30437000.0
3002,Villa,4,1.0,Suburban,1991,1,0,28379000.0
1593,Independent House,2,2.0,Downtown,1974,2,0,15581000.0
60488,Agricultural Land,0,0.0,Suburban,1950,0,0,8750000.0
81485,Agricultural Land,0,0.0,Rural,1950,0,0,9011000.0
1627,Apartment,3,1.5,Suburban,1990,1,1,12297000.0
766,Apartment,3,1.0,Suburban,1990,3,1,8776000.0
1959,Independent House,4,1.0,Rural,1952,3,1,15347000.0
1908,Penthouse,3,1.5,Rural,1992,3,1,18114000.0
194593,Agricultural Land,0,0.0,Rural,1950,0,0,21306000.0
793,Apartment,1,2.5,Downtown,1995,3,1,9384000.0
3282,Independent House,4,3.0,Suburban,2006,2,0,24924000.0
2173,Independent House,3,1.5,Rural,2023,3,1,17136000.0
64490,Agricultural Land,0,0.0,Rural,1950,0,0,7896000.0
2315,Penthouse,3,2.0,Suburban,2000,1,1,21882000.0
1903,Penthouse,4,2.0,Downtown,1954,1,1,20107000.0
1892,Independent House,3,2.0,Rural,2022,3,0,14878000.0
1067,Independent House,4,3.0,Suburban,1964,3,1,12712000.0
687,Apartment,3,2.0,Suburban,1988,3,1,8572000.0
816,Apartment,1,3.0,Suburban,2019,1,0,8559000.0
82619,Agricultural Land,0,0.0,Suburban,1950,0,0,11154000.0
3220,Penthouse,4,2.0,Downtown,1987,1,1,28448000.0
18730,Agricultural Land,0,0.0,Suburban,1950,0,0,3668000.0
207036,Agricultural Land,0,0.0,Rural,1950,0,0,23171000.0
2643,Independent House,3,2.5,Suburban,1988,3,1,21202000.0
1677,Penthouse,4,2.0,Suburban,2001,1,1,18234000.0
10133,Agricultural Land,0,0.0,Rural,1950,0,0,1010000.0
1879,Penthouse,3,3.0,Suburban,1952,1,0,18132000.0
1507,Apartment,1,3.5,Suburban,1978,2,0,11988000.0
3497,Independent House,4,2.5,Suburban,1980,3,1,26121000.0
1185,Apartment,3,3.0,Downtown,2015,3,1,12079000.0
117959,Agricultural Land,0,0.0,Downtown,1950,0,0,17324000.0
2931,Villa,5,1.0,Suburban,1994,2,1,28535000.0
721,Apartment,2,3.5,Rural,2022,2,1,6338000.0
3864,Villa,5,1.5,Suburban,1971,1,0,34335000.0
3019,Villa,3,1.5,Downtown,1959,2,1,29555000.0
3374,Independent House,4,1.0,Suburban,1970,3,1,25400000.0
917,Apartment,3,4.0,Downtown,1966,3,1,11124000.0
4656,Villa,3,3.0,Suburban,2016,3,1,39665000.0
2502,Independent House,2,3.5,Downtown,1956,1,1,20889000.0
2775,Penthouse,4,3.0,Rural,1985,1,1,22876000.0
3042,Independent House,3,2.0,Downtown,2016,3,0,24478000.0
27232,Agricultural Land,0,0.0,Downtown,1950,0,0,7786000.0
1118,Independent House,3,3.5,Suburban,1979,3,0,12525000.0
1709,Independent House,3,4.0,Downtown,2020,1,0,17351000.0
111602,Agricultural Land,0,0.0,Suburban,1950,0,0,14288000.0
1044,Independent House,3,2.0,Rural,1978,1,1,10046000.0
913,Apartment,1,1.5,Downtown,2021,2,1,10667000.0
1017,Apartment,3,2.5,Suburban,2023,1,1,10184000.0
2055,Penthouse,3,4.0,Rural,1982,1,1,18651000.0
2901,Villa,5,3.0,Suburban,2008,3,1,28891000.0
2125,Villa,4,3.0,Rural,1969,3,0,21263000.0
1114,Apartment,1,3.5,Downtown,1978,3,1,11889000.0
813,Apartment,1,3.0,Downtown,2002,2,1,9698000.0
673,Apartment,1,2.5,Downtown,1950,1,1,8446000.0
2602,Independent House,4,2.5,Suburban,1983,2,1,20809000.0
1508,Independent House,3,1.5,Suburban,1993,1,1,14431000.0
3379,Independent House,2,2.5,Downtown,1963,1,1,25477000.0
1687,Independent House,3,2.0,Suburban,1986,3,1,16066000.0
54730,Agricultural Land,0,0.0,Downtown,1950,0,0,10278000.0
1627,Apartment,1,3.0,Rural,1984,1,1,10456000.0
2552,Independent House,3,2.0,Downtown,2008,2,1,21828000.0
2575,Penthouse,3,1.0,Downtown,1973,3,1,24645000.0
1324,Independent House,3,1.0,Suburban,2014,2,1,13898000.0
2791,Villa,3,2.5,Downtown,1955,2,1,27753000.0
155916,Agricultural Land,0,0.0,Suburban,1950,0,0,18482000.0
54178,Agricultural Land,0,0.0,Suburban,1950,0,0,8004000.0
1322,Apartment,1,2.0,Rural,2017,3,1,8994000.0
37842,Agricultural Land,0,0.0,Suburban,1950,0,0,6245000.0
1151,Independent House,3,1.5,Suburban,1987,1,0,11821000.0
1554,Apartment,2,1.5,Rural,1950,2,1,9694000.0
2506,Independent House,4,2.0,Rural,1990,1,1,18934000.0
176011,Agricultural Land,0,0.0,Suburban,1950,0,0,21289000.0
1868,Independent House,3,1.0,Suburban,1980,3,1,16035000.0
1791,Apartment,1,1.5,Suburban,1985,1,1,12525000.0
2487,Villa,3,2.0,Suburban,2022,1,1,25166000.0
909,Apartment,2,2.0,Rural,2003,3,1,7115000.0
1402,Apartment,3,2.0,Suburban,1980,1,1,11377000.0
1679,Apartment,2,1.5,Downtown,1978,2,1,13969000.0
1219,Apartment,1,3.0,Downtown,1952,2,1,11002000.0
1072,Apartment,1,2.0,Downtown,2007,2,1,11089000.0
1060,Apartment,3,1.5,Downtown,2010,1,1,11168000.0
2613,Villa,4,1.5,Downtown,1955,2,1,26992000.0
1445,Apartment,1,1.5,Suburban,1969,1,1,11017000.0
1764,Apartment,1,1.0,Downtown,2010,1,1,13703000.0
83915,Agricultural Land,0,0.0,Suburban,1950,0,0,11460000.0
2808,Independent House,2,1.0,Downtown,1995,1,0,22066000.0
3243,Villa,4,2.5,Downtown,1962,1,1,31416000.0
954,Apartment,2,2.5,Suburban,1972,3,0,8989000.0
1369,Apartment,3,2.0,Rural,1980,2,1,9533000.0
779,Apartment,1,2.5,Suburban,1953,2,1,7827000.0
665,Apartment,1,1.0,Suburban,2024,1,1,7683000.0
1419,Apartment,3,3.5,Suburban,2015,3,1,12860000.0
770,Apartment,1,1.0,Downtown,1965,1,1,8223000.0
1073,Apartment,3,2.5,Suburban,1980,2,1,10731000.0
1133,Apartment,3,1.0,Downtown,1997,2,1,11510000.0
2390,Independent House,2,3.0,Suburban,1992,3,1,20074000.0
1730,Apartment,2,2.0,Suburban,1953,1,0,11323000.0
3486,Independent House,3,1.0,Suburban,2011,3,1,26146000.0
1834,Independent House,3,2.5,Downtown,1997,1,0,17756000.0
2026,Villa,4,1.0,Suburban,1977,3,1,22413000.0
1041,Apartment,1,2.5,Downtown,1965,2,1,9675000.0
1895,Penthouse,3,2.5,Downtown,2018,3,0,20744000.0
2527,Villa,5,1.5,Suburban,1979,2,0,25291000.0
683,Apartment,1,2.0,Suburban,2014,2,0,7945000.0
186811,Agricultural Land,0,0.0,Downtown,1950,0,0,24488000.0
19704,Agricultural Land,0,0.0,Suburban,1950,0,0,4334000.0
1292,Apartment,2,1.0,Rural,2018,1,1,8681000.0
1092,Apartment,3,2.5,Downtown,1963,3,1,11797000.0
2791,Penthouse,3,1.5,Suburban,2024,3,1,25328000.0
3348,Villa,3,2.0,Downtown,1983,3,1,31914000.0
1743,Apartment,2,3.5,Suburban,2005,3,0,13269000.0
1569,Apartment,1,1.5,Downtown,1978,1,1,12460000.0
3400,Independent House,4,4.0,Rural,1974,1,0,22460000.0
3087,Independent House,4,2.5,Suburban,2015,1,1,24615000.0
2439,Villa,3,1.5,Suburban,1989,2,1,25141000.0
1172,Independent House,4,2.0,Downtown,1964,2,1,14234000.0
2570,Independent House,2,2.5,Rural,1981,2,0,18314000.0
2058,Villa,5,2.0,Rural,1969,1,0,20344000.0
1116,Apartment,2,1.0,Suburban,2002,2,1,10062000.0
1329,Apartment,3,1.5,Rural,2016,3,1,10092000.0
2322,Villa,4,2.5,Downtown,1998,2,1,25822000.0
159718,Agricultural Land,0,0.0,Suburban,1950,0,0,19801000.0
3164,Independent House,3,2.5,Suburban,2016,1,1,23630000.0
3231,Independent House,2,2.0,Suburban,1950,1,1,23335000.0
1739,Apartment,2,1.5,Rural,1988,1,1,10674000.0
3209,Independent House,4,3.0,Downtown,2010,1,0,25617000.0
1838,Independent House,4,4.0,Downtown,2004,3,1,18995000.0
1689,Apartment,2,1.0,Downtown,2018,2,0,13701000.0
1693,Apartment,1,1.0,Rural,1951,2,1,10071000.0
3494,Independent House,3,3.0,Rural,1966,1,1,23492000.0
1015,Apartment,3,3.0,Suburban,1978,2,1,10854000.0
1131,Apartment,3,2.5,Suburban,1953,3,0,9758000.0
1040,Apartment,2,3.5,Suburban,2022,1,1,10397000.0
1337,Apartment,2,2.5,Suburban,2013,2,1,11767000.0
1063,Apartment,2,1.5,Downtown,1992,2,1,10765000.0
105725,Agricultural Land,0,0.0,Suburban,1950,0,0,13266000.0
2574,Independent House,4,2.5,Suburban,2025,2,1,21447000.0
3380,Villa,5,2.5,Suburban,1961,2,0,30781000.0
1894,Penthouse,3,4.0,Downtown,1999,1,1,20755000.0
3373,Independent House,2,1.5,Suburban,2017,1,1,24847000.0
1714,Apartment,3,2.0,Rural,2010,3,1,12474000.0
1749,Independent House,4,2.5,Suburban,2022,1,0,17029000.0
2093,Independent House,2,1.5,Suburban,2000,2,1,17504000.0
2989,Villa,3,2.0,Suburban,1954,2,1,28310000.0
3261,Independent House,2,3.0,Suburban,1977,2,0,23800000.0
968,Apartment,1,2.0,Suburban,1959,3,1,8543000.0
648,Apartment,1,2.5,Suburban,2001,1,1,7473000.0
2075,Independent House,2,3.0,Suburban,1966,1,1,16698000.0
3112,Villa,4,1.5,Suburban,2014,1,1,29067000.0
2649,Independent House,3,4.0,Suburban,1970,2,1,21633000.0
3180,Independent House,3,2.5,Suburban,2003,2,0,24410000.0
15899,Agricultural Land,0,0.0,Suburban,1950,0,0,3002000.0
2989,Villa,4,2.0,Suburban,1998,2,1,29342000.0
972,Apartment,3,2.0,Rural,1971,3,1,8015000.0
1078,Apartment,1,3.5,Suburban,2018,3,1,10311000.0
1431,Apartment,3,1.5,Rural,2013,2,0,9886000.0
1249,Apartment,1,1.5,Suburban,1985,3,1,10885000.0
1281,Apartment,1,1.5,Downtown,1970,3,1,11882000.0
1287,Apartment,3,1.5,Rural,2005,3,0,9311000.0
681,Apartment,2,2.0,Suburban,2022,1,0,7643000.0
686,Apartment,3,4.0,Rural,1997,3,0,6684000.0
42867,Agricultural Land,0,0.0,Suburban,1950,0,0,6925000.0
1421,Apartment,3,3.0,Downtown,2025,2,1,13883000.0
1162,Independent House,2,1.5,Suburban,1967,1,1,12319000.0
3397,Independent House,2,2.0,Suburban,1964,3,0,24018000.0
148160,Agricultural Land,0,0.0,Rural,1950,0,0,16631000.0
1715,Apartment,1,2.5,Suburban,1993,2,0,12639000.0
3228,Independent House,3,1.0,Suburban,1994,3,1,24209000.0
35702,Agricultural Land,0,0.0,Suburban,1950,0,0,6642000.0
163917,Agricultural Land,0,0.0,Suburban,1950,0,0,19771000.0
2712,Penthouse,4,3.0,Downtown,1985,2,0,25725000.0
1092,Apartment,3,3.0,Downtown,1989,2,1,11929000.0
1522,Apartment,3,3.0,Suburban,2000,3,1,13165000.0
3975,Villa,4,2.0,Downtown,1979,3,1,36412000.0
101722,Agricultural Land,0,0.0,Downtown,1950,0,0,15415000.0
2582,Independent House,4,2.0,Downtown,1975,1,1,22111000.0
1564,Independent House,4,1.0,Rural,1980,3,1,13451000.0
1149,Apartment,1,2.0,Downtown,2005,2,0,10953000.0
1952,Penthouse,4,2.0,Downtown,2010,1,1,20774000.0
1070,Apartment,1,3.5,Downtown,1966,2,1,10797000.0
1587,Apartment,2,3.0,Suburban,1973,2,1,12828000.0
2934,Independent House,2,4.0,Suburban,1953,3,1,22750000.0
1223,Independent House,4,3.0,Downtown,1958,2,1,14440000.0
753,Apartment,2,1.0,Suburban,1951,3,1,7339000.0
1159,Apartment,2,2.5,Suburban,1984,2,1,10584000.0
2150,Villa,3,1.0,Suburban,1987,1,1,22381000.0
1770,Apartment,2,1.5,Suburban,1994,3,1,13700000.0
2928,Independent House,4,2.0,Suburban,1964,1,1,22866000.0
948,Apartment,3,2.5,Downtown,1991,3,1,11073000.0
1181,Independent House,4,2.5,Suburban,1952,1,1,12942000.0
1636,Independent House,2,1.0,Rural,1980,3,1,13143000.0
1617,Apartment,2,1.0,Suburban,2001,1,1,11764000.0
778,Apartment,1,1.0,Suburban,1990,1,1,8126000.0
1662,Apartment,3,1.0,Rural,2006,3,1,11299000.0
1371,Apartment,2,1.5,Suburban,1991,3,0,11094000.0
105728,Agricultural Land,0,0.0,Downtown,1950,0,0,16226000.0
1615,Apartment,3,2.5,Suburban,2002,2,1,13143000.0
1563,Penthouse,4,3.0,Suburban,2005,2,1,17862000.0
628,Apartment,2,2.0,Rural,2025,3,0,5773000.0
4219,Villa,3,2.5,Suburban,2021,3,1,36507000.0
3046,Penthouse,4,1.5,Downtown,2002,1,0,27395000.0
3144,Independent House,3,4.0,Suburban,1981,1,0,23880000.0
2893,Independent House,4,1.5,Rural,2003,2,1,20766000.0
2465,Independent House,3,3.0,Downtown,1986,2,1,21143000.0
1592,Apartment,3,3.5,Rural,1957,2,1,10502000.0
183588,Agricultural Land,0,0.0,Suburban,1950,0,0,22084000.0
2234,Penthouse,4,3.0,Suburban,1960,1,0,21434000.0
81429,Agricultural Land,0,0.0,Suburban,1950,0,0,11387000.0
665,Apartment,1,1.0,Suburban,2003,1,0,6107000.0
4450,Villa,5,2.5,Suburban,2009,1,1,38784000.0
27901,Agricultural Land,0,0.0,Rural,1950,0,0,3088000.0
1734,Apartment,2,1.0,Suburban,1959,2,1,12303000.0
937,Apartment,3,1.0,Suburban,2019,3,0,9778000.0
3970,Villa,5,1.0,Downtown,1991,2,1,36347000.0
2728,Independent House,3,3.5,Downtown,1986,1,1,23066000.0
1946,Penthouse,3,3.5,Suburban,2025,2,1,21098000.0
1210,Apartment,2,1.5,Downtown,2007,2,1,11632000.0
2814,Penthouse,3,2.0,Suburban,2008,2,0,24765000.0
1270,Apartment,3,3.5,Suburban,1973,2,1,11225000.0
1214,Apartment,1,2.0,Rural,1977,1,1,8517000.0
1496,Apartment,3,2.0,Downtown,1986,2,0,12913000.0
1780,Penthouse,3,2.0,Downtown,1970,1,1,19911000.0
4914,Villa,3,2.5,Downtown,1982,2,1,42189000.0
1595,Independent House,4,2.0,Rural,1951,1,1,13036000.0
2986,Independent House,4,2.5,Suburban,1977,3,0,23420000.0
53177,Agricultural Land,0,0.0,Downtown,1950,0,0,10038000.0
1209,Independent House,2,2.0,Rural,1964,1,1,10612000.0
1625,Penthouse,3,1.5,Rural,1950,1,1,14892000.0
1491,Independent House,3,1.5,Rural,1977,3,0,12029000.0
1969,Independent House,4,1.0,Downtown,1999,3,1,19273000.0
1580,Independent House,4,2.0,Suburban,1984,3,1,15881000.0
1376,Apartment,3,1.0,Suburban,1977,3,1,11253000.0
4105,Villa,3,3.0,Suburban,1958,3,1,36124000.0
2211,Independent House,3,2.0,Downtown,1973,3,0,19291000.0
829,Apartment,2,2.5,Downtown,2012,2,0,10075000.0
202861,Agricultural Land,0,0.0,Rural,1950,0,0,22007000.0
3057,Independent House,4,3.5,Downtown,1953,2,0,24408000.0
1501,Independent House,2,3.0,Suburban,2005,3,1,14813000.0
203473,Agricultural Land,0,0.0,Suburban,1950,0,0,24004000.0
4685,Villa,3,3.5,Suburban,1990,1,1,39665000.0
1607,Apartment,2,2.0,Suburban,2016,1,1,12605000.0
83996,Agricultural Land,0,0.0,Suburban,1950,0,0,11424000.0
2769,Villa,3,1.5,Suburban,1997,3,0,26888000.0
1605,Apartment,3,3.5,Suburban,2007,2,1,13442000.0
817,Apartment,3,3.0,Suburban,1988,2,0,8541000.0
3224,Penthouse,3,3.0,Suburban,1974,1,1,26968000.0
3804,Villa,5,2.5,Suburban,2009,3,0,34704000.0
3302,Independent House,3,2.5,Suburban,1996,2,1,24625000.0
64777,Agricultural Land,0,0.0,Suburban,1950,0,0,9127000.0
3107,Penthouse,3,1.0,Downtown,2010,3,1,27867000.0
870,Apartment,1,2.5,Suburban,1976,3,0,8315000.0
722,Apartment,2,1.0,Downtown,1991,1,1,8408000.0
1255,Apartment,3,1.5,Rural,2001,3,1,8747000.0
3080,Villa,4,2.0,Rural,1997,3,1,27469000.0
858,Apartment,1,2.0,Downtown,1981,1,1,8942000.0
1947,Independent House,4,1.0,Downtown,1973,2,1,17547000.0
1546,Penthouse,4,3.0,Suburban,1952,3,1,17795000.0
194974,Agricultural Land,0,0.0,Rural,1950,0,0,21939000.0
1487,Apartment,3,3.0,Suburban,1976,1,1,12312000.0
1707,Penthouse,4,2.5,Suburban,2022,2,1,19088000.0
1346,Apartment,3,2.0,Suburban,1989,3,1,11629000.0
1648,Penthouse,3,4.0,Downtown,1972,2,1,19432000.0
1037,Apartment,3,1.0,Suburban,1956,1,0,8653000.0
3202,Independent House,4,2.5,Downtown,1986,3,0,25115000.0
3201,Penthouse,3,1.0,Suburban,1956,1,1,26734000.0
1713,Apartment,3,2.0,Downtown,1971,1,1,14029000.0
957,Apartment,2,2.0,Suburban,1966,3,1,9171000.0
3040,Villa,3,2.5,Rural,1968,1,0,26056000.0
3730,Villa,4,1.0,Suburban,1988,2,1,33529000.0
2255,Villa,4,1.5,Suburban,1985,1,0,23317000.0
4623,Villa,4,2.0,Downtown,1964,3,1,40371000.0
2632,Independent House,2,2.0,Suburban,2012,3,0,20719000.0
1228,Apartment,1,2.5,Downtown,1978,2,1,11425000.0
1431,Apartment,1,1.5,Suburban,2009,3,1,11156000.0
1085,Apartment,3,2.0,Downtown,2005,1,1,11842000.0
30013,Agricultural Land,0,0.0,Downtown,1950,0,0,7419000.0
1370,Independent House,3,1.5,Downtown,1989,1,1,14689000.0
2013,Independent House,2,1.5,Suburban,1965,3,1,16913000.0
2982,Independent House,3,2.0,Suburban,1982,2,1,23108000.0
13935,Agricultural Land,0,0.0,Suburban,1950,0,0,3452000.0
847,Apartment,1,2.5,Downtown,1965,2,1,9770000.0
1787,Independent House,2,1.0,Suburban,1979,3,1,15728000.0
3311,Independent House,2,1.0,Suburban,2015,1,0,23514000.0
4929,Villa,4,2.0,Suburban,1993,3,1,41404000.0
630,Apartment,3,1.5,Rural,1987,3,1,5887000.0
140830,Agricultural Land,0,0.0,Suburban,1950,0,0,17686000.0
118911,Agricultural Land,0,0.0,Downtown,1950,0,0,17243000.0
2689,Independent House,2,2.0,Suburban,2000,2,0,20435000.0
3217,Villa,3,2.0,Rural,2009,1,0,27234000.0
130492,Agricultural Land,0,0.0,Suburban,1950,0,0,15805000.0
4955,Villa,3,1.5,Rural,1967,2,0,39333000.0
1485,Apartment,3,1.0,Suburban,1954,2,1,11251000.0
1548,Independent House,3,3.0,Suburban,1989,1,0,14915000.0
3165,Villa,4,2.5,Suburban,1955,1,0,28795000.0
1838,Independent House,3,2.5,Suburban,2025,1,0,17052000.0
3230,Villa,4,2.0,Suburban,1961,3,0,29670000.0
91634,Agricultural Land,0,0.0,Suburban,1950,0,0,12641000.0
34820,Agricultural Land,0,0.0,Suburban,1950,0,0,6422000.0
1613,Independent House,2,2.5,Suburban,1961,1,1,14294000.0
1011,Apartment,3,3.5,Downtown,2022,3,1,12414000.0
31605,Agricultural Land,0,0.0,Suburban,1950,0,0,6040000.0
1658,Penthouse,3,2.5,Suburban,1971,2,1,17394000.0
613,Apartment,3,1.5,Rural,1998,1,0,4997000.0
217448,Agricultural Land,0,0.0,Suburban,1950,0,0,25291000.0
121904,Agricultural Land,0,0.0,Downtown,1950,0,0,17428000.0
1602,Independent House,3,2.0,Downtown,1999,3,1,16547000.0
1215,Independent House,4,2.0,Suburban,1953,3,1,13218000.0
2996,Independent House,2,2.0,Downtown,1999,3,1,23783000.0
1587,Apartment,1,2.0,Rural,1952,3,0,9599000.0
1439,Apartment,2,3.0,Downtown,1965,2,1,12746000.0
2226,Penthouse,3,2.5,Rural,1963,1,1,19114000.0
1153,Apartment,1,1.5,Suburban,2013,1,1,10124000.0
1665,Apartment,3,1.0,Rural,1990,1,1,10651000.0
1675,Independent House,2,2.0,Downtown,2017,1,1,16649000.0
1282,Independent House,3,1.0,Suburban,2008,1,1,13101000.0
153790,Agricultural Land,0,0.0,Downtown,1950,0,0,21486000.0
1433,Apartment,2,1.5,Downtown,1951,1,1,12047000.0
1136,Apartment,1,2.0,Suburban,1959,3,1,9676000.0
4944,Villa,4,2.0,Suburban,2024,1,0,41242000.0
2908,Independent House,4,4.0,Downtown,1975,3,1,24684000.0
1522,Apartment,3,1.5,Rural,1953,2,1,9532000.0
2152,Independent House,2,1.5,Downtown,1977,3,1,19228000.0
1441,Apartment,1,1.0,Suburban,1951,2,1,10449000.0
1547,Apartment,3,2.0,Downtown,2015,1,1,13970000.0
1664,Independent House,3,1.5,Suburban,1965,2,1,14858000.0
2717,Independent House,2,2.5,Downtown,2006,2,0,22355000.0
77412,Agricultural Land,0,0.0,Rural,1950,0,0,8926000.0
3053,Independent House,2,1.5,Suburban,1972,3,0,22553000.0
1636,Independent House,3,2.0,Rural,1972,3,0,12785000.0
2113,Villa,3,3.0,Downtown,1970,2,1,23751000.0
1164,Apartment,2,1.0,Suburban,1974,2,1,10205000.0
3401,Villa,4,2.0,Suburban,2007,1,1,31469000.0
1425,Apartment,2,2.0,Rural,1986,3,1,9426000.0
155758,Agricultural Land,0,0.0,Suburban,1950,0,0,19510000.0
1625,Apartment,2,2.5,Rural,1998,2,1,11166000.0
3251,Independent House,3,2.0,Downtown,1964,3,1,25145000.0
1261,Apartment,3,2.0,Suburban,1977,1,1,10576000.0
165009,Agricultural Land,0,0.0,Suburban,1950,0,0,20048000.0
1535,Independent House,3,2.5,Downtown,2016,1,0,16269000.0
2391,Independent House,4,2.0,Suburban,1953,2,0,19232000.0
1176,Apartment,2,2.0,Rural,1996,1,1,8234000.0
4610,Villa,3,1.0,Rural,1999,2,1,36809000.0
716,Apartment,3,2.5,Suburban,2009,3,1,9680000.0
15700,Agricultural Land,0,0.0,Rural,1950,0,0,2099000.0
704,Apartment,1,3.0,Suburban,2011,3,1,8323000.0
1094,Apartment,2,4.0,Suburban,2016,2,1,10660000.0
645,Apartment,2,3.5,Downtown,2021,2,1,9865000.0
2354,Independent House,2,2.5,Suburban,1992,2,1,18989000.0
2239,Independent House,3,2.5,Downtown,2007,3,1,20655000.0
1581,Apartment,1,2.5,Downtown,2001,3,0,13324000.0
2459,Penthouse,4,2.0,Suburban,2025,1,0,22795000.0
2515,Independent House,3,2.0,Rural,2018,1,1,17804000.0
2836,Independent House,3,1.5,Suburban,1995,3,1,21742000.0
3496,Independent House,4,1.5,Rural,1974,3,1,23922000.0
2481,Independent House,2,2.5,Rural,1974,2,0,17731000.0
2559,Independent House,3,2.0,Downtown,1984,3,1,21798000.0
1139,Apartment,1,1.5,Suburban,2010,3,1,10372000.0
615,Apartment,3,1.5,Suburban,1964,1,1,7235000.0
166305,Agricultural Land,0,0.0,Rural,1950,0,0,18178000.0
61690,Agricultural Land,0,0.0,Rural,1950,0,0,6602000.0
1911,Independent House,2,3.0,Suburban,2023,1,1,16859000.0
1360,Apartment,3,2.5,Suburban,1984,2,0,11353000.0
3602,Villa,3,2.0,Suburban,1978,1,0,31785000.0
2753,Independent House,2,2.0,Downtown,1987,2,0,22111000.0
714,Apartment,3,2.0,Downtown,2018,3,0,9831000.0
996,Apartment,2,1.0,Suburban,1973,3,1,9538000.0
4241,Villa,4,2.0,Rural,1968,2,0,34946000.0
2898,Villa,4,2.5,Rural,1995,1,1,25981000.0
1577,Apartment,1,2.0,Suburban,1998,1,0,11439000.0
1726,Apartment,1,2.0,Suburban,1993,3,0,12184000.0
896,Apartment,2,1.0,Rural,2022,1,1,6910000.0
4849,Villa,3,2.0,Suburban,1975,2,1,40274000.0
777,Apartment,1,1.0,Suburban,1974,3,1,7882000.0
1566,Apartment,2,2.0,Suburban,1984,1,1,12188000.0
1814,Penthouse,3,2.0,Suburban,1985,3,0,18391000.0
1662,Apartment,1,3.0,Suburban,1963,3,1,12370000.0
2058,Villa,3,2.0,Suburban,2005,1,1,22304000.0
606,Apartment,1,1.5,Rural,1955,2,0,4441000.0
648,Apartment,1,2.0,Downtown,1981,1,1,8753000.0
760,Apartment,3,2.5,Suburban,1975,1,1,8228000.0
3692,Villa,4,1.0,Suburban,1964,1,0,32499000.0
206781,Agricultural Land,0,0.0,Downtown,1950,0,0,27548000.0
2525,Penthouse,3,2.5,Rural,1998,1,1,20947000.0
2000,Independent House,3,3.5,Downtown,2005,1,0,18829000.0
3718,Villa,3,1.5,Suburban,1986,1,1,32866000.0
1054,Apartment,3,2.5,Rural,2002,2,1,7969000.0
875,Apartment,2,3.0,Downtown,2007,3,0,10608000.0
103404,Agricultural Land,0,0.0,Rural,1950,0,0,11911000.0
1275,Apartment,3,2.0,Suburban,1985,2,1,10890000.0
1651,Apartment,1,2.5,Downtown,1960,1,1,12933000.0
1624,Apartment,3,1.5,Rural,1976,2,0,9708000.0
655,Apartment,3,1.5,Downtown,1951,3,1,9297000.0
1146,Apartment,1,2.5,Suburban,1971,2,1,9987000.0
2135,Independent House,2,2.5,Downtown,2015,1,1,19061000.0
3083,Independent House,3,3.5,Downtown,1966,3,0,24421000.0
38793,Agricultural Land,0,0.0,Rural,1950,0,0,4348000.0
3252,Penthouse,3,1.5,Suburban,1953,1,1,27161000.0
1194,Apartment,2,2.0,Downtown,1963,1,0,10766000.0
906,Apartment,3,1.5,Suburban,1956,3,1,9091000.0
1618,Independent House,4,1.0,Suburban,1965,3,1,15475000.0
2132,Independent House,3,2.0,Rural,2015,1,1,16768000.0
956,Apartment,1,2.0,Suburban,1968,2,1,8543000.0
4028,Villa,3,1.5,Rural,1950,3,1,32766000.0
2379,Independent House,4,1.5,Suburban,1980,2,1,20072000.0
2699,Independent House,3,2.0,Suburban,1953,2,1,21280000.0
3115,Independent House,4,4.0,Rural,2007,3,1,22603000.0
891,Apartment,3,2.5,Downtown,2005,2,1,10228000.0
58234,Agricultural Land,0,0.0,Downtown,1950,0,0,10704000.0
2989,Penthouse,3,1.0,Suburban,2002,3,0,25952000.0
1033,Apartment,2,3.0,Downtown,1992,3,1,11407000.0
34767,Agricultural Land,0,0.0,Downtown,1950,0,0,7941000.0
1913,Independent House,4,2.5,Suburban,2023,3,1,18682000.0
121049,Agricultural Land,0,0.0,Suburban,1950,0,0,14995000.0
2544,Penthouse,4,3.0,Suburban,1998,3,1,23781000.0
2635,Independent House,2,1.5,Suburban,2009,2,0,20822000.0
983,Apartment,3,2.0,Downtown,1965,2,1,10522000.0
638,Apartment,3,3.0,Suburban,2022,3,1,9436000.0
2308,Independent House,2,1.5,Suburban,2009,3,1,19102000.0
2621,Villa,3,3.5,Downtown,1996,3,1,27797000.0
1201,Apartment,2,3.0,Rural,1964,3,1,8732000.0
1384,Apartment,3,4.0,Suburban,2012,1,1,12494000.0
2859,Penthouse,4,1.5,Rural,1977,2,0,23601000.0
115455,Agricultural Land,0,0.0,Downtown,1950,0,0,17259000.0
2266,Independent House,2,1.5,Suburban,1969,2,0,18287000.0
1696,Apartment,1,1.5,Suburban,2012,3,1,12636000.0
1078,Apartment,3,3.5,Rural,1982,1,1,8571000.0
1160,Apartment,2,1.5,Suburban,1985,1,1,10051000.0
42922,Agricultural Land,0,0.0,Rural,1950,0,0,4747000.0
775,Apartment,2,2.0,Suburban,1962,1,1,7451000.0
1237,Independent House,4,2.0,Suburban,2011,3,0,13565000.0
1509,Apartment,3,2.0,Rural,2017,1,1,10242000.0
2122,Independent House,3,1.5,Suburban,1972,3,0,17702000.0
4718,Villa,3,2.0,Suburban,2021,1,1,40093000.0
3477,Penthouse,4,3.0,Downtown,1962,3,1,30840000.0
1094,Apartment,1,1.0,Rural,1989,3,1,8044000.0
1546,Apartment,3,3.0,Suburban,1979,2,1,12697000.0
1354,Apartment,2,2.5,Suburban,1974,3,1,10876000.0
55466,Agricultural Land,0,0.0,Downtown,1950,0,0,10131000.0
187920,Agricultural Land,0,0.0,Suburban,1950,0,0,22602000.0
2411,Independent House,3,2.5,Suburban,2022,1,1,20421000.0
1939,Villa,4,2.5,Suburban,1975,2,1,22115000.0
2340,Villa,3,1.5,Suburban,1973,1,1,23483000.0
869,Apartment,1,2.0,Downtown,1988,3,1,9543000.0
100243,Agricultural Land,0,0.0,Suburban,1950,0,0,12836000.0
2890,Independent House,3,2.5,Suburban,2010,2,1,22419000.0
1505,Independent House,3,1.5,Downtown,1998,3,1,16143000.0
2129,Independent House,4,2.0,Suburban,1990,3,1,18923000.0
631,Apartment,3,1.0,Suburban,2019,1,1,8046000.0
1697,Apartment,2,2.5,Rural,1969,1,1,10356000.0
3672,Villa,4,2.0,Downtown,1993,1,1,34292000.0
1692,Apartment,1,2.0,Downtown,1965,2,1,12960000.0
2612,Villa,4,1.0,Suburban,1970,1,0,25162000.0
961,Apartment,3,4.0,Suburban,1964,3,1,10124000.0
2456,Independent House,2,1.5,Downtown,1988,2,0,21114000.0
1528,Apartment,3,2.5,Rural,1991,1,1,10706000.0
1099,Independent House,4,2.0,Suburban,2010,1,1,12572000.0
3481,Villa,3,2.5,Suburban,1953,1,1,31391000.0
608,Apartment,3,1.5,Suburban,1973,3,1,7872000.0
2052,Independent House,3,2.5,Rural,1952,1,0,15046000.0
1920,Independent House,4,2.0,Downtown,1950,3,1,19126000.0
4237,Villa,3,2.0,Downtown,1962,2,0,36989000.0
159127,Agricultural Land,0,0.0,Downtown,1950,0,0,21962000.0
4004,Villa,3,2.5,Suburban,2003,1,0,35068000.0
934,Apartment,1,2.5,Rural,1989,3,1,6918000.0
859,Apartment,3,2.5,Suburban,1960,1,1,8090000.0
681,Apartment,2,3.0,Downtown,1991,1,1,8812000.0
1753,Independent House,2,1.5,Downtown,1953,2,1,16529000.0
1795,Apartment,2,3.5,Suburban,1974,2,1,13748000.0
1719,Independent House,2,1.0,Downtown,1985,3,1,16887000.0
1074,Independent House,3,2.5,Rural,2013,3,1,11197000.0
1225,Apartment,2,2.0,Downtown,1993,3,0,11796000.0
1561,Penthouse,4,2.0,Downtown,1989,2,1,18686000.0
1473,Apartment,2,1.5,Downtown,1994,3,1,13065000.0
919,Apartment,1,2.0,Rural,1957,2,1,6534000.0
3949,Villa,5,1.5,Suburban,1984,2,0,35043000.0
2452,Independent House,4,2.0,Rural,1993,1,1,18694000.0
2673,Villa,5,1.0,Suburban,1967,1,1,26204000.0
2745,Independent House,3,2.0,Downtown,1996,3,1,22930000.0
1553,Apartment,1,1.0,Suburban,1974,2,1,11132000.0
1754,Penthouse,4,1.5,Suburban,1990,2,1,17959000.0
3055,Penthouse,4,1.0,Suburban,1954,2,1,26212000.0
4417,Villa,3,2.0,Suburban,2013,1,1,37818000.0
711,Apartment,2,3.0,Downtown,2011,2,0,9422000.0
1460,Independent House,2,3.5,Downtown,2021,3,1,16112000.0
1886,Independent House,2,1.0,Suburban,1952,3,1,16212000.0
1715,Apartment,1,2.5,Suburban,1986,1,1,12444000.0
58223,Agricultural Land,0,0.0,Rural,1950,0,0,7068000.0
1119,Apartment,2,2.5,Suburban,1990,3,1,10383000.0
113857,Agricultural Land,0,0.0,Rural,1950,0,0,12850000.0
3283,Independent House,4,2.0,Suburban,1969,2,0,24856000.0
1526,Apartment,2,2.5,Downtown,2016,2,1,13543000.0
1556,Independent House,3,1.5,Rural,1989,3,0,12721000.0
210346,Agricultural Land,0,0.0,Suburban,1950,0,0,25566000.0
2855,Villa,3,2.0,Suburban,1957,1,0,26224000.0
2812,Penthouse,3,2.0,Suburban,1954,2,1,24392000.0
2378,Villa,5,1.0,Suburban,1974,2,1,24660000.0
2341,Villa,5,2.5,Suburban,1988,1,1,24594000.0
1613,Penthouse,4,2.0,Rural,1986,2,1,16169000.0
803,Apartment,1,1.5,Suburban,1954,3,0,7356000.0
2052,Independent House,4,2.0,Suburban,1957,3,0,17702000.0
1242,Apartment,3,2.5,Suburban,1953,1,1,10193000.0
51314,Agricultural Land,0,0.0,Downtown,1950,0,0,10030000.0
63213,Agricultural Land,0,0.0,Suburban,1950,0,0,9577000.0
1504,Apartment,1,3.0,Downtown,1990,1,1,12783000.0
3745,Villa,4,2.5,Suburban,2009,3,0,33973000.0
92228,Agricultural Land,0,0.0,Rural,1950,0,0,9989000.0
1114,Apartment,3,2.0,Suburban,2003,1,1,10586000.0
1429,Independent House,2,2.0,Downtown,1971,3,1,15186000.0
116300,Agricultural Land,0,0.0,Suburban,1950,0,0,14911000.0
1764,Apartment,3,2.0,Rural,1968,1,1,11318000.0
4590,Villa,5,1.0,Suburban,2017,3,0,39485000.0
1274,Apartment,1,2.0,Rural,1982,2,1,8655000.0
180341,Agricultural Land,0,0.0,Suburban,1950,0,0,22163000.0
67565,Agricultural Land,0,0.0,Downtown,1950,0,0,11834000.0
23362,Agricultural Land,0,0.0,Downtown,1950,0,0,6930000.0
1808,Independent House,4,2.0,Suburban,1971,2,1,16604000.0
146281,Agricultural Land,0,0.0,Suburban,1950,0,0,18259000.0
1530,Penthouse,4,2.0,Rural,2014,3,0,15903000.0
646,Apartment,3,3.5,Suburban,1960,2,0,7417000.0
1629,Penthouse,3,2.5,Suburban,1965,3,0,17327000.0
951,Apartment,2,1.5,Downtown,2017,1,1,10731000.0
1977,Independent House,3,1.5,Suburban,1993,2,1,17389000.0
657,Apartment,3,1.0,Downtown,1958,2,0,8384000.0
1729,Apartment,1,2.5,Suburban,2021,2,1,13655000.0
1411,Apartment,3,2.5,Downtown,2011,3,1,13823000.0
3153,Villa,5,4.0,Downtown,1964,2,1,31936000.0
1367,Apartment,2,2.0,Downtown,1955,1,1,11755000.0
2482,Villa,4,3.0,Downtown,1950,2,1,26599000.0
1785,Apartment,2,2.0,Suburban,1969,1,1,12772000.0
1596,Apartment,3,3.0,Downtown,1985,2,1,13770000.0
3333,Independent House,4,2.5,Rural,1951,2,0,22628000.0
2594,Penthouse,3,2.5,Suburban,2019,1,1,23850000.0
1485,Apartment,3,2.0,Suburban,1951,2,1,11668000.0
2196,Villa,5,2.5,Suburban,1952,1,0,23470000.0
15905,Agricultural Land,0,0.0,Suburban,1950,0,0,3716000.0
2112,Villa,4,2.0,Downtown,1956,1,0,23421000.0
725,Apartment,2,1.0,Rural,2013,1,1,6022000.0
1410,Apartment,2,1.0,Suburban,1990,2,0,11049000.0
90318,Agricultural Land,0,0.0,Downtown,1950,0,0,14324000.0
1409,Apartment,2,2.0,Suburban,2003,2,0,11505000.0
178827,Agricultural Land,0,0.0,Suburban,1950,0,0,21286000.0
2507,Independent House,3,2.0,Downtown,1990,1,1,21362000.0
135064,Agricultural Land,0,0.0,Rural,1950,0,0,15023000.0
3394,Penthouse,3,1.0,Downtown,1954,2,1,28517000.0
199027,Agricultural Land,0,0.0,Suburban,1950,0,0,23460000.0
1596,Independent House,2,1.5,Rural,2012,3,0,12809000.0
1599,Penthouse,3,1.5,Downtown,1950,1,1,17823000.0
1615,Independent House,3,2.0,Downtown,1974,1,1,16149000.0
1947,Independent House,3,1.5,Downtown,1995,3,1,18612000.0
3381,Villa,4,1.0,Downtown,1964,3,1,32343000.0
143306,Agricultural Land,0,0.0,Downtown,1950,0,0,19692000.0
66659,Agricultural Land,0,0.0,Rural,1950,0,0,7261000.0
3149,Penthouse,3,1.5,Rural,2018,1,0,24374000.0
1490,Independent House,3,1.5,Suburban,1966,3,0,14176000.0
1254,Independent House,2,3.0,Suburban,1970,1,1,12895000.0
4228,Villa,4,1.5,Rural,2002,2,0,34881000.0
1491,Apartment,3,2.5,Suburban,2004,3,1,12405000.0
1141,Apartment,1,2.0,Suburban,1959,1,1,9467000.0
2287,Independent House,4,4.0,Suburban,2006,1,1,19506000.0
1424,Apartment,1,1.5,Downtown,2014,1,1,12334000.0
1478,Apartment,2,1.5,Rural,1986,3,1,9967000.0
1738,Apartment,2,1.0,Suburban,1956,2,1,12554000.0
880,Apartment,3,1.5,Suburban,2025,2,1,10056000.0
1372,Apartment,2,2.5,Suburban,1989,3,1,12292000.0
80508,Agricultural Land,0,0.0,Suburban,1950,0,0,10977000.0
1327,Independent House,2,1.0,Downtown,1999,1,0,13641000.0
3258,Independent House,3,1.5,Suburban,1950,1,0,24487000.0
4574,Villa,4,3.0,Rural,1969,1,0,36952000.0
1522,Apartment,1,2.0,Downtown,1980,3,0,12925000.0
12888,Agricultural Land,0,0.0,Rural,1950,0,0,1490000.0
1525,Penthouse,3,1.0,Suburban,2017,3,1,17417000.0
626,Apartment,3,1.0,Downtown,1961,1,1,8189000.0
1701,Independent House,3,1.0,Suburban,1971,1,1,15409000.0
118515,Agricultural Land,0,0.0,Rural,1950,0,0,13098000.0
50451,Agricultural Land,0,0.0,Suburban,1950,0,0,7765000.0
3460,Independent House,2,3.5,Suburban,1950,1,1,24683000.0
1966,Villa,5,3.0,Suburban,1950,3,1,22764000.0
768,Apartment,3,3.0,Suburban,1952,3,0,8495000.0
39137,Agricultural Land,0,0.0,Downtown,1950,0,0,8987000.0
828,Apartment,2,3.5,Downtown,2025,2,1,11283000.0
161810,Agricultural Land,0,0.0,Downtown,1950,0,0,22184000.0
2166,Villa,3,2.0,Downtown,1970,1,0,23979000.0
2327,Villa,5,1.5,Downtown,1962,1,1,25805000.0
1790,Independent House,3,2.0,Suburban,2010,2,0,16309000.0
1123,Apartment,2,2.5,Suburban,1962,1,1,9737000.0
1695,Apartment,2,3.0,Downtown,1982,2,1,14251000.0
705,Apartment,2,2.0,Downtown,1955,3,1,8913000.0
1331,Apartment,3,2.0,Downtown,1974,2,0,11999000.0
3408,Penthouse,3,3.5,Suburban,1972,2,1,29004000.0
2305,Independent House,3,1.0,Downtown,1975,3,1,19964000.0
732,Apartment,2,3.0,Suburban,1953,1,0,7455000.0
62719,Agricultural Land,0,0.0,Suburban,1950,0,0,8801000.0
189993,Agricultural Land,0,0.0,Suburban,1950,0,0,23037000.0
148647,Agricultural Land,0,0.0,Suburban,1950,0,0,19041000.0
102401,Agricultural Land,0,0.0,Downtown,1950,0,0,15507000.0
617,Apartment,3,1.5,Downtown,1984,2,1,8562000.0
2777,Independent House,3,2.0,Downtown,2024,2,1,23443000.0
1616,Penthouse,4,1.5,Downtown,1974,1,1,18467000.0
2597,Villa,3,2.5,Downtown,1969,2,1,27061000.0
1767,Apartment,2,2.0,Suburban,1950,3,1,12653000.0
3240,Penthouse,3,2.0,Downtown,2017,2,0,28743000.0
1150,Apartment,1,3.0,Rural,1972,1,0,7026000.0
1528,Apartment,3,2.5,Downtown,1971,1,0,12882000.0
2711,Independent House,2,2.5,Suburban,2011,2,0,20870000.0
1752,Independent House,2,1.5,Suburban,1950,1,1,15387000.0
3469,Independent House,3,3.0,Suburban,2008,1,0,25358000.0
1245,Apartment,2,1.5,Suburban,2017,2,1,11021000.0
176153,Agricultural Land,0,0.0,Suburban,1950,0,0,21431000.0
1277,Apartment,2,1.5,Rural,1968,2,1,8480000.0
705,Apartment,3,1.0,Suburban,1979,1,1,7944000.0
158983,Agricultural Land,0,0.0,Downtown,1950,0,0,21969000.0
131286,Agricultural Land,0,0.0,Suburban,1950,0,0,16833000.0
111660,Agricultural Land,0,0.0,Downtown,1950,0,0,16863000.0
2341,Penthouse,4,2.0,Rural,1950,2,1,20404000.0
3608,Villa,4,3.0,Suburban,1997,3,1,33047000.0
2782,Independent House,2,1.5,Downtown,1968,2,1,21890000.0
1045,Apartment,2,2.0,Downtown,2001,1,0,11025000.0
2948,Independent House,3,3.0,Downtown,1971,3,1,24335000.0
3117,Independent House,3,2.5,Rural,1999,1,0,21087000.0
749,Apartment,2,2.5,Rural,2015,1,1,6416000.0
2573,Villa,3,1.5,Downtown,1955,3,1,26771000.0
2561,Independent House,3,2.5,Suburban,2013,2,0,20702000.0
1722,Apartment,1,1.5,Rural,1970,1,1,10214000.0
1543,Apartment,3,4.0,Downtown,1968,2,0,13220000.0
2254,Villa,4,2.0,Downtown,1986,2,1,25174000.0
1727,Apartment,2,2.5,Suburban,2012,3,1,13594000.0
29442,Agricultural Land,0,0.0,Downtown,1950,0,0,7327000.0
1724,Independent House,3,1.0,Downtown,1978,1,1,16533000.0
3280,Independent House,2,1.5,Rural,2009,3,1,22384000.0
2417,Independent House,3,1.0,Suburban,1983,3,1,19357000.0
3024,Penthouse,4,2.0,Suburban,1950,1,1,25659000.0
850,Apartment,3,1.5,Suburban,1997,1,1,8926000.0
3344,Villa,3,2.5,Suburban,1970,3,1,30559000.0
1078,Independent House,2,1.0,Suburban,1983,3,1,11773000.0
1675,Apartment,3,2.5,Downtown,1975,3,1,13904000.0
93671,Agricultural Land,0,0.0,Downtown,1950,0,0,15036000.0
2280,Penthouse,4,1.0,Suburban,1985,1,1,21828000.0
2025,Villa,3,1.5,Downtown,1972,1,0,22913000.0
157252,Agricultural Land,0,0.0,Downtown,1950,0,0,21706000.0
96303,Agricultural Land,0,0.0,Suburban,1950,0,0,12682000.0
2541,Villa,4,2.5,Downtown,1996,3,1,27430000.0
1630,Penthouse,4,2.5,Rural,2025,1,1,16895000.0
4870,Villa,5,2.0,Suburban,1993,1,1,41228000.0
4479,Villa,3,1.0,Downtown,1969,1,0,37753000.0
4685,Villa,3,2.5,Downtown,1976,2,1,40060000.0
2258,Penthouse,3,2.0,Suburban,2010,2,1,21927000.0
1303,Apartment,3,1.5,Suburban,1986,3,1,11024000.0
131197,Agricultural Land,0,0.0,Suburban,1950,0,0,16461000.0
31603,Agricultural Land,0,0.0,Suburban,1950,0,0,5704000.0
1214,Apartment,2,2.5,Suburban,2001,2,1,10515000.0
1828,Penthouse,4,2.0,Rural,2024,3,1,17866000.0
732,Apartment,3,1.0,Suburban,2011,3,0,8367000.0
1434,Apartment,2,3.5,Suburban,2015,1,0,11478000.0
4498,Villa,5,2.5,Suburban,1973,3,0,38359000.0
720,Apartment,2,1.0,Rural,1961,3,1,5410000.0
2105,Penthouse,4,2.0,Suburban,1965,3,0,20162000.0
2975,Penthouse,3,1.0,Suburban,1985,3,0,25417000.0
1964,Independent House,2,3.0,Suburban,1951,1,0,16207000.0
728,Apartment,1,2.5,Suburban,2011,1,1,7843000.0
1714,Apartment,3,1.5,Downtown,2013,3,1,14382000.0
3398,Villa,5,1.0,Suburban,1978,2,1,31755000.0
94998,Agricultural Land,0,0.0,Downtown,1950,0,0,14563000.0
3347,Villa,5,1.0,Downtown,2023,2,1,33601000.0
932,Apartment,1,2.0,Rural,1980,3,0,6843000.0
2953,Villa,4,2.5,Suburban,1964,1,1,27569000.0
2316,Independent House,2,1.0,Downtown,2004,3,0,20306000.0
2696,Penthouse,3,1.5,Downtown,1982,3,1,25174000.0
1543,Apartment,2,1.5,Suburban,2001,1,0,11315000.0
2547,Penthouse,4,1.5,Suburban,1969,2,0,22903000.0
2429,Independent House,3,2.0,Downtown,2022,3,0,21714000.0
161892,Agricultural Land,0,0.0,Downtown,1950,0,0,22265000.0
1797,Apartment,2,2.0,Downtown,1987,1,1,14324000.0
1828,Villa,3,2.5,Downtown,1952,1,0,21034000.0
58683,Agricultural Land,0,0.0,Downtown,1950,0,0,11038000.0
1613,Apartment,3,4.0,Suburban,2003,3,1,13333000.0
17401,Agricultural Land,0,0.0,Downtown,1950,0,0,6527000.0
2150,Villa,3,3.5,Downtown,2015,1,1,24780000.0
1153,Apartment,2,2.0,Rural,1967,3,1,7960000.0
898,Apartment,3,2.5,Rural,1956,2,1,7695000.0
3543,Villa,5,3.5,Downtown,1984,3,1,34736000.0
663,Apartment,1,1.0,Downtown,2009,2,1,8858000.0
1754,Independent House,2,1.0,Suburban,1973,1,1,15204000.0
1369,Apartment,1,1.0,Suburban,1988,3,0,10184000.0
3038,Villa,5,2.0,Rural,1961,1,1,26940000.0
1433,Apartment,3,2.5,Suburban,2002,3,1,12859000.0
150944,Agricultural Land,0,0.0,Suburban,1950,0,0,18191000.0
181301,Agricultural Land,0,0.0,Rural,1950,0,0,20313000.0
39366,Agricultural Land,0,0.0,Suburban,1950,0,0,6749000.0
3018,Villa,5,2.0,Downtown,2013,1,1,31056000.0
1105,Apartment,2,2.0,Suburban,1953,2,1,9270000.0
2857,Penthouse,4,2.0,Downtown,1954,3,1,26327000.0
1392,Apartment,2,1.0,Downtown,1965,1,1,11842000.0
1432,Apartment,1,1.5,Suburban,1976,3,1,11247000.0
1457,Apartment,3,1.0,Downtown,1953,3,1,13114000.0
2416,Independent House,2,1.0,Downtown,2021,2,0,20430000.0
2305,Penthouse,4,3.0,Rural,1997,1,0,20328000.0
2972,Villa,5,3.0,Suburban,1957,3,1,28333000.0
1760,Independent House,2,3.0,Downtown,1995,3,0,17190000.0
1432,Apartment,2,2.5,Downtown,1993,3,0,13098000.0
92421,Agricultural Land,0,0.0,Downtown,1950,0,0,14716000.0
1378,Independent House,4,2.5,Downtown,2016,3,1,16009000.0
1197,Independent House,3,2.5,Rural,2001,3,1,11878000.0
1614,Apartment,3,2.5,Downtown,1983,1,1,13392000.0
2523,Penthouse,3,2.5,Suburban,2011,3,1,24104000.0
2355,Villa,5,2.0,Downtown,1970,3,0,25836000.0
955,Apartment,2,2.0,Rural,1973,3,1,7125000.0
1640,Apartment,3,2.5,Suburban,1993,1,1,12774000.0
4486,Villa,3,1.5,Rural,1990,3,1,36378000.0
2178,Villa,5,2.0,Suburban,1978,3,1,24567000.0
1279,Apartment,2,2.0,Rural,1955,2,1,8765000.0
80109,Agricultural Land,0,0.0,Rural,1950,0,0,8668000.0
1498,Apartment,1,1.5,Suburban,2005,2,0,10963000.0
1075,Independent House,3,4.0,Downtown,1963,3,1,13447000.0
178849,Agricultural Land,0,0.0,Downtown,1950,0,0,24066000.0
1961,Independent House,4,1.5,Downtown,1999,3,1,18998000.0
4149,Villa,4,1.5,Downtown,2001,2,0,37444000.0
3262,Independent House,4,1.5,Suburban,1950,1,1,23866000.0
1781,Apartment,1,3.0,Suburban,1961,1,1,12462000.0
39626,Agricultural Land,0,0.0,Suburban,1950,0,0,5923000.0
2108,Independent House,3,2.0,Downtown,1973,2,1,19451000.0
207818,Agricultural Land,0,0.0,Downtown,1950,0,0,26979000.0
1210,Apartment,2,2.5,Downtown,1986,3,1,11714000.0
1608,Apartment,3,3.0,Suburban,2019,2,1,13636000.0
1561,Apartment,2,1.5,Suburban,2025,1,1,11825000.0
4575,Villa,4,1.5,Downtown,1952,2,1,39901000.0
1672,Independent House,2,1.5,Suburban,1976,1,0,14353000.0
65906,Agricultural Land,0,0.0,Suburban,1950,0,0,9215000.0
2700,Independent House,4,2.5,Rural,2002,3,0,19319000.0
214216,Agricultural Land,0,0.0,Downtown,1950,0,0,28037000.0
630,Apartment,3,2.5,Suburban,1966,3,0,8406000.0
113805,Agricultural Land,0,0.0,Downtown,1950,0,0,16440000.0
2900,Penthouse,3,1.5,Suburban,1964,3,1,25540000.0
2653,Penthouse,3,1.0,Suburban,1988,1,1,23460000.0
2116,Penthouse,3,1.0,Suburban,1953,2,1,20192000.0
2038,Penthouse,3,2.5,Downtown,1966,3,1,21141000.0
4586,Villa,3,1.0,Downtown,1960,1,0,38619000.0
1625,Apartment,1,1.0,Suburban,1961,3,0,11458000.0
1470,Apartment,3,2.0,Suburban,1981,2,1,11913000.0
134030,Agricultural Land,0,0.0,Suburban,1950,0,0,16788000.0
4929,Villa,3,2.5,Rural,1976,3,0,38486000.0
2912,Penthouse,4,2.5,Suburban,1993,1,0,25696000.0
1940,Independent House,3,2.0,Suburban,1992,1,1,17141000.0
940,Apartment,2,2.5,Suburban,1998,3,1,9945000.0
1460,Apartment,3,2.0,Rural,2022,3,0,10417000.0
2843,Villa,3,4.0,Suburban,1992,1,1,28510000.0
1037,Independent House,3,1.5,Downtown,1952,3,1,13655000.0
1259,Apartment,3,2.5,Suburban,1978,3,0,10959000.0
3033,Independent House,3,2.0,Rural,1984,3,1,21333000.0
1527,Apartment,1,1.5,Downtown,1997,2,1,12570000.0
2049,Independent House,4,2.5,Suburban,2023,2,0,17964000.0
1053,Apartment,2,1.5,Rural,1988,2,1,7517000.0
3204,Penthouse,3,2.0,Suburban,1973,3,1,27057000.0
1336,Apartment,2,2.0,Suburban,1969,1,1,10405000.0
1818,Independent House,3,1.5,Downtown,1964,3,1,17597000.0
1372,Apartment,1,2.0,Suburban,2025,3,1,11063000.0
612,Apartment,1,2.0,Downtown,1967,2,0,7537000.0
1920,Independent House,3,2.5,Rural,2009,1,1,14651000.0
1824,Independent House,4,2.5,Suburban,1990,2,1,16631000.0
4218,Villa,5,1.5,Suburban,2018,1,0,36677000.0
931,Apartment,1,2.0,Suburban,2024,3,1,9649000.0
4108,Villa,4,3.0,Downtown,1960,3,0,37652000.0
131014,Agricultural Land,0,0.0,Downtown,1950,0,0,18193000.0
3394,Penthouse,3,1.0,Downtown,2005,3,1,29987000.0
1296,Apartment,2,2.0,Suburban,1967,1,1,10136000.0
1949,Independent House,3,2.5,Suburban,1961,2,1,17076000.0
986,Apartment,1,2.5,Suburban,1965,2,1,9061000.0
1420,Apartment,3,1.0,Suburban,1976,2,1,11850000.0
204088,Agricultural Land,0,0.0,Rural,1950,0,0,23368000.0
668,Apartment,1,2.0,Downtown,1966,1,1,8561000.0
2781,Independent House,3,2.0,Suburban,1980,1,1,21363000.0
4047,Villa,3,4.0,Downtown,1984,3,0,36402000.0
4063,Villa,5,1.5,Suburban,1976,2,1,35916000.0
2969,Independent House,4,4.0,Downtown,1981,1,0,24495000.0
811,Apartment,2,2.0,Suburban,1966,2,1,7938000.0
1107,Apartment,1,1.5,Downtown,1960,2,1,10591000.0
3063,Independent House,4,2.0,Downtown,1950,1,0,23818000.0
1483,Apartment,1,2.5,Rural,1998,1,1,9130000.0
1331,Independent House,4,1.5,Downtown,1990,3,1,15517000.0
1316,Apartment,2,1.5,Suburban,1969,3,0,10249000.0
1150,Apartment,2,3.0,Suburban,2020,3,1,10663000.0
2624,Independent House,2,4.0,Suburban,1986,2,0,20850000.0
1541,Apartment,2,1.5,Suburban,1965,2,0,11476000.0
3303,Independent House,4,1.0,Suburban,1988,3,1,24863000.0
4839,Villa,4,2.5,Downtown,1994,2,1,42289000.0
3289,Penthouse,3,2.5,Downtown,2013,2,1,29707000.0
1327,Apartment,3,1.0,Suburban,1996,2,0,11171000.0
1479,Apartment,2,3.5,Suburban,1972,2,1,11690000.0
1414,Apartment,3,1.0,Rural,1981,1,1,9268000.0
2448,Villa,5,2.5,Suburban,1998,1,1,25453000.0
2799,Villa,3,2.0,Suburban,1968,3,1,26739000.0
1070,Apartment,1,2.0,Rural,2016,3,0,7871000.0
29864,Agricultural Land,0,0.0,Suburban,1950,0,0,5586000.0
1299,Apartment,1,1.5,Suburban,1988,2,1,10274000.0
2009,Independent House,3,2.5,Suburban,2009,2,1,18003000.0
3350,Villa,3,3.5,Suburban,1960,1,1,31084000.0
57573,Agricultural Land,0,0.0,Suburban,1950,0,0,8641000.0
4678,Villa,5,2.0,Downtown,1998,2,1,41257000.0
2848,Penthouse,4,2.0,Suburban,1964,2,1,25132000.0
813,Apartment,2,1.5,Downtown,2010,3,0,9585000.0
2731,Penthouse,4,3.0,Downtown,1992,2,1,26309000.0
768,Apartment,2,4.0,Suburban,1964,1,0,8067000.0
168277,Agricultural Land,0,0.0,Downtown,1950,0,0,22465000.0
1977,Independent House,4,2.5,Suburban,2022,2,1,18126000.0
2828,Penthouse,3,2.0,Rural,1954,2,0,21647000.0
1145,Independent House,2,3.5,Rural,1978,2,1,10397000.0
3598,Villa,4,1.5,Suburban,2011,2,1,33018000.0
1515,Independent House,2,2.0,Suburban,2009,2,0,14483000.0
4961,Villa,5,2.0,Suburban,2018,1,1,42397000.0
1052,Apartment,2,2.0,Suburban,1971,3,1,9717000.0
659,Apartment,3,3.0,Downtown,1962,2,0,8948000.0
1127,Apartment,1,2.5,Suburban,1999,3,0,10430000.0
1623,Apartment,3,1.0,Suburban,1996,3,1,12741000.0
33171,Agricultural Land,0,0.0,Downtown,1950,0,0,7833000.0
1356,Apartment,2,1.5,Downtown,1978,1,0,11635000.0
30832,Agricultural Land,0,0.0,Suburban,1950,0,0,5158000.0
1032,Apartment,2,1.5,Downtown,1966,3,1,10698000.0
1776,Apartment,1,2.0,Downtown,1969,2,1,13585000.0
3312,Penthouse,4,1.5,Downtown,1955,2,1,28778000.0
2200,Villa,5,1.0,Suburban,1971,2,1,23328000.0
3104,Independent House,4,2.5,Suburban,1958,2,1,23160000.0
3233,Independent House,4,3.0,Suburban,1981,1,1,23879000.0
4245,Villa,5,3.5,Downtown,1982,3,1,38574000.0
1204,Apartment,1,4.0,Suburban,2019,1,1,11100000.0
91132,Agricultural Land,0,0.0,Suburban,1950,0,0,12047000.0
186061,Agricultural Land,0,0.0,Suburban,1950,0,0,22323000.0
3263,Villa,5,2.5,Suburban,1998,3,0,30749000.0
1188,Apartment,1,1.0,Suburban,1979,1,0,9529000.0
4313,Villa,5,3.0,Suburban,1965,1,1,37322000.0
1045,Apartment,1,2.0,Suburban,2014,1,1,9180000.0
1400,Apartment,3,2.5,Downtown,1963,2,1,12183000.0
1696,Apartment,3,2.0,Suburban,2005,2,1,12681000.0
1928,Independent House,2,3.0,Suburban,1986,1,1,16924000.0
204113,Agricultural Land,0,0.0,Suburban,1950,0,0,24958000.0
3773,Villa,4,2.0,Suburban,1998,3,1,34289000.0
3864,Villa,4,1.0,Rural,1999,3,1,32639000.0
2554,Independent House,3,2.0,Rural,1985,2,0,18756000.0
1330,Apartment,1,1.5,Suburban,2001,1,1,10671000.0
1325,Independent House,3,4.0,Suburban,1972,2,0,13799000.0
174718,Agricultural Land,0,0.0,Downtown,1950,0,0,23687000.0
1212,Apartment,2,2.0,Suburban,2015,2,1,11068000.0
119060,Agricultural Land,0,0.0,Suburban,1950,0,0,15249000.0
1920,Independent House,2,2.0,Suburban,2020,2,1,16954000.0
1841,Independent House,3,3.5,Downtown,1994,1,1,18200000.0
3025,Villa,4,2.5,Downtown,1977,1,1,29804000.0
1343,Independent House,3,1.5,Downtown,1969,2,1,14730000.0
207195,Agricultural Land,0,0.0,Downtown,1950,0,0,27211000.0
72504,Agricultural Land,0,0.0,Downtown,1950,0,0,12827000.0
1444,Independent House,2,1.5,Suburban,1998,1,1,14025000.0
821,Apartment,1,2.0,Downtown,2006,3,1,9868000.0
1591,Independent House,3,3.0,Suburban,2008,3,1,15826000.0
152895,Agricultural Land,0,0.0,Rural,1950,0,0,16843000.0
1617,Apartment,2,2.5,Downtown,1975,2,1,13471000.0
3863,Villa,3,4.0,Rural,1968,3,1,32588000.0
3247,Villa,4,1.0,Suburban,1962,2,0,29874000.0
3845,Villa,3,1.5,Suburban,2023,2,1,33911000.0
1123,Apartment,2,1.0,Downtown,2011,2,1,11502000.0
4650,Villa,3,2.5,Downtown,1963,1,1,39886000.0
102237,Agricultural Land,0,0.0,Suburban,1950,0,0,13036000.0
827,Apartment,3,1.0,Downtown,2022,1,1,10287000.0
1607,Apartment,3,1.0,Downtown,1960,1,0,12721000.0
62704,Agricultural Land,0,0.0,Downtown,1950,0,0,11340000.0
1408,Apartment,1,2.0,Suburban,2016,1,0,11017000.0
112736,Agricultural Land,0,0.0,Downtown,1950,0,0,16943000.0
2306,Independent House,4,2.0,Suburban,1961,2,0,19311000.0
1003,Apartment,2,2.5,Downtown,1984,1,1,10031000.0
161557,Agricultural Land,0,0.0,Suburban,1950,0,0,19833000.0
2672,Independent House,2,2.0,Downtown,1988,3,0,21730000.0
1436,Independent House,2,2.0,Suburban,1981,3,1,14295000.0
1828,Independent House,3,2.0,Suburban,1963,1,0,15338000.0
1258,Independent House,3,3.0,Suburban,2014,3,1,14202000.0
702,Apartment,1,2.0,Downtown,1976,3,0,8067000.0
1992,Independent House,3,1.5,Suburban,2009,1,1,17402000.0
159834,Agricultural Land,0,0.0,Downtown,1950,0,0,21883000.0
1724,Apartment,1,1.5,Suburban,1992,2,0,12002000.0
3021,Villa,4,1.5,Downtown,2014,2,1,30261000.0
1412,Apartment,1,3.0,Suburban,2004,2,0,11115000.0
1725,Penthouse,4,1.0,Downtown,1984,1,0,18643000.0
1542,Apartment,2,3.5,Downtown,1981,2,1,13160000.0
19642,Agricultural Land,0,0.0,Suburban,1950,0,0,4217000.0
2144,Independent House,4,1.5,Rural,1968,2,0,16303000.0
1105,Apartment,3,3.0,Suburban,1988,3,1,10996000.0
1413,Apartment,3,2.5,Suburban,1969,2,1,11077000.0
1366,Apartment,2,2.0,Suburban,1977,1,1,11253000.0
1990,Independent House,2,2.5,Suburban,1952,2,1,17184000.0
1217,Apartment,2,1.5,Downtown,1981,3,1,11464000.0
3259,Penthouse,3,2.0,Downtown,2007,3,1,28970000.0
3320,Independent House,3,1.5,Rural,2003,3,1,22866000.0
831,Apartment,3,2.0,Suburban,1991,3,0,9030000.0
4615,Villa,5,2.5,Suburban,1964,2,1,39449000.0
2295,Villa,3,1.5,Suburban,2011,3,1,24391000.0
1647,Apartment,1,3.0,Suburban,1980,3,0,11875000.0
1732,Apartment,3,2.0,Suburban,2010,3,1,13462000.0
1101,Apartment,3,2.0,Suburban,1975,2,1,9872000.0
3872,Villa,4,3.5,Downtown,2018,1,0,35714000.0
4135,Villa,5,2.5,Suburban,2006,3,0,36953000.0
1337,Independent House,3,2.5,Suburban,1969,3,1,14030000.0
3401,Penthouse,4,2.5,Rural,2015,3,1,27609000.0
3437,Penthouse,4,3.5,Suburban,1970,2,1,29461000.0
2817,Independent House,4,1.5,Suburban,2009,2,1,22595000.0
111906,Agricultural Land,0,0.0,Downtown,1950,0,0,16075000.0
826,Apartment,1,2.5,Downtown,2012,3,1,9958000.0
919,Apartment,1,2.0,Rural,2000,1,1,6576000.0
1515,Apartment,3,1.0,Suburban,1988,3,0,12005000.0
685,Apartment,2,1.0,Suburban,1960,1,1,6875000.0
1925,Independent House,3,1.5,Suburban,2006,1,0,17128000.0
32474,Agricultural Land,0,0.0,Downtown,1950,0,0,7752000.0
1466,Apartment,2,2.0,Suburban,1952,2,0,10862000.0
1032,Apartment,3,3.0,Downtown,1986,2,1,11327000.0
1998,Independent House,4,2.5,Suburban,1974,2,1,17647000.0
115289,Agricultural Land,0,0.0,Suburban,1950,0,0,14161000.0
1198,Apartment,1,2.0,Downtown,1970,1,1,11213000.0
3450,Independent House,2,1.0,Rural,1991,1,1,22527000.0
995,Apartment,3,1.5,Rural,1950,1,1,7190000.0
1014,Apartment,1,2.0,Downtown,1972,2,0,9754000.0
148166,Agricultural Land,0,0.0,Rural,1950,0,0,16310000.0
50678,Agricultural Land,0,0.0,Suburban,1950,0,0,7201000.0
1140,Apartment,2,2.5,Suburban,1973,2,1,9539000.0
121548,Agricultural Land,0,0.0,Rural,1950,0,0,13437000.0
3745,Villa,4,1.0,Suburban,1996,2,1,33398000.0
74256,Agricultural Land,0,0.0,Suburban,1950,0,0,10599000.0
1083,Independent House,4,2.0,Rural,1956,3,1,10650000.0
1270,Independent House,3,3.5,Suburban,1987,1,1,13996000.0
3291,Independent House,4,2.5,Suburban,1996,1,1,24527000.0
2187,Villa,4,2.5,Suburban,1984,3,0,23564000.0
813,Apartment,3,2.5,Suburban,2011,1,1,9275000.0
1417,Apartment,2,1.5,Suburban,2022,1,1,11574000.0
1789,Apartment,2,1.0,Suburban,1952,3,0,12506000.0
1858,Villa,3,3.0,Suburban,1969,1,0,20530000.0
1482,Apartment,1,2.5,Downtown,1993,2,1,12446000.0
2642,Villa,3,2.0,Downtown,1981,3,1,27085000.0
107259,Agricultural Land,0,0.0,Suburban,1950,0,0,14010000.0
722,Apartment,1,1.5,Suburban,1975,1,0,6792000.0
3236,Villa,3,2.5,Suburban,1997,2,1,30145000.0
2162,Independent House,2,1.0,Suburban,1954,1,1,16991000.0
172461,Agricultural Land,0,0.0,Rural,1950,0,0,18903000.0
1038,Apartment,3,1.0,Downtown,2008,3,1,10940000.0
4869,Villa,5,1.5,Rural,2010,2,1,39954000.0
2061,Penthouse,3,2.0,Downtown,1998,1,1,20880000.0
14455,Agricultural Land,0,0.0,Suburban,1950,0,0,3796000.0
3537,Villa,5,1.0,Suburban,1979,3,0,32565000.0
1904,Independent House,2,1.0,Suburban,1966,1,1,15956000.0
2194,Villa,5,2.5,Downtown,2019,1,1,25412000.0
129935,Agricultural Land,0,0.0,Downtown,1950,0,0,18663000.0
2716,Independent House,3,2.0,Suburban,2007,2,1,21552000.0
1534,Apartment,3,2.0,Suburban,2012,1,1,12752000.0
21865,Agricultural Land,0,0.0,Rural,1950,0,0,2941000.0
3235,Villa,5,2.0,Suburban,2010,3,1,31360000.0
1874,Villa,5,4.0,Rural,2012,3,1,20380000.0
894,Apartment,2,1.0,Downtown,1964,2,0,9512000.0
1820,Villa,3,1.5,Downtown,1950,2,1,21840000.0
2038,Independent House,4,2.5,Suburban,1962,1,0,17560000.0
3034,Villa,5,1.0,Rural,1997,3,1,27781000.0
1159,Apartment,2,2.0,Suburban,1983,2,1,9940000.0
2909,Villa,3,2.0,Downtown,1979,1,1,28664000.0
111892,Agricultural Land,0,0.0,Downtown,1950,0,0,17001000.0
971,Apartment,3,4.0,Suburban,1968,1,1,9927000.0
71684,Agricultural Land,0,0.0,Suburban,1950,0,0,9811000.0
1817,Independent House,3,3.0,Suburban,2013,3,0,16868000.0
161330,Agricultural Land,0,0.0,Suburban,1950,0,0,19752000.0
2592,Penthouse,3,3.5,Suburban,2015,3,0,24068000.0
2283,Independent House,2,1.0,Rural,2006,1,1,16480000.0
3811,Villa,5,3.0,Suburban,1993,3,1,35930000.0
110945,Agricultural Land,0,0.0,Suburban,1950,0,0,13993000.0
1520,Independent House,4,1.0,Rural,1961,1,1,11904000.0
970,Apartment,3,2.5,Suburban,1989,1,0,9100000.0
3242,Villa,5,2.5,Suburban,1973,3,1,31090000.0
1600,Penthouse,4,1.5,Rural,1960,2,1,15676000.0
2160,Penthouse,4,2.5,Downtown,2015,1,0,22142000.0
3477,Penthouse,4,1.0,Suburban,1950,3,0,28299000.0
2681,Independent House,4,1.5,Downtown,2007,1,1,22964000.0
3388,Penthouse,4,3.5,Downtown,1977,1,1,29895000.0
1567,Apartment,1,1.5,Downtown,2017,1,1,12743000.0
1242,Independent House,4,1.0,Downtown,2008,3,1,14833000.0
1352,Apartment,1,2.0,Suburban,2020,3,0,11502000.0
1111,Apartment,1,3.0,Rural,1971,3,1,7749000.0
3273,Independent House,2,1.0,Suburban,1978,2,0,23503000.0
2541,Independent House,3,2.0,Suburban,2023,1,1,20222000.0
4061,Villa,3,3.0,Suburban,2018,2,1,35941000.0
3114,Independent House,2,1.0,Rural,1994,1,1,21752000.0
1395,Independent House,3,1.5,Rural,2019,3,1,13162000.0
1211,Apartment,1,2.5,Rural,1966,1,0,7556000.0
2260,Independent House,2,2.0,Rural,1988,1,0,16571000.0
1369,Apartment,3,3.0,Downtown,1989,1,1,13020000.0
1006,Apartment,1,1.0,Suburban,1977,2,1,9451000.0
4772,Villa,3,3.5,Suburban,1951,3,1,40355000.0
3672,Villa,3,3.5,Suburban,1976,3,1,33707000.0
3303,Villa,3,1.5,Suburban,1970,1,0,29001000.0
3269,Independent House,2,1.0,Downtown,1956,3,1,25017000.0
2179,Independent House,3,4.0,Downtown,2010,2,1,20271000.0
90155,Agricultural Land,0,0.0,Rural,1950,0,0,10285000.0
2181,Independent House,2,2.0,Suburban,2001,2,1,18464000.0
1976,Independent House,2,2.0,Downtown,1997,3,1,18947000.0
1605,Apartment,2,2.5,Downtown,1968,2,1,13758000.0
970,Apartment,2,2.5,Suburban,2022,2,1,9422000.0
2367,Independent House,2,3.0,Suburban,1961,3,1,18745000.0
1228,Independent House,2,1.5,Suburban,2020,3,0,13007000.0
3327,Independent House,2,1.5,Downtown,1951,1,1,25111000.0
2893,Independent House,4,3.0,Downtown,1966,1,0,23644000.0
3113,Villa,5,3.0,Suburban,2024,2,1,30643000.0
3203,Penthouse,4,2.5,Suburban,2025,3,1,28527000.0
2570,Penthouse,3,4.0,Downtown,1952,2,1,24941000.0
2774,Villa,4,2.5,Suburban,1970,3,1,27516000.0
153385,Agricultural Land,0,0.0,Suburban,1950,0,0,19059000.0
1357,Apartment,1,1.5,Suburban,2000,2,1,11052000.0
1647,Apartment,2,3.0,Downtown,1959,2,1,13653000.0
920,Apartment,2,2.0,Suburban,2004,2,1,9708000.0
4121,Villa,4,1.0,Rural,1985,1,0,32997000.0
184804,Agricultural Land,0,0.0,Rural,1950,0,0,21024000.0
1267,Apartment,1,1.5,Suburban,2000,3,1,10920000.0
136449,Agricultural Land,0,0.0,Suburban,1950,0,0,17657000.0
1310,Apartment,1,2.5,Downtown,2023,2,1,11883000.0
92875,Agricultural Land,0,0.0,Suburban,1950,0,0,12111000.0
2930,Independent House,3,4.0,Suburban,1966,1,1,22802000.0
1345,Apartment,3,1.5,Suburban,2010,2,0,11378000.0
1674,Independent House,4,1.5,Suburban,2024,2,1,16240000.0
715,Apartment,3,2.0,Suburban,1962,3,0,8118000.0
1204,Apartment,2,3.0,Rural,2014,2,1,9371000.0
1665,Apartment,1,2.5,Downtown,2023,3,1,14285000.0
3319,Penthouse,4,2.0,Downtown,1997,1,1,28969000.0
3426,Independent House,3,2.5,Suburban,2019,1,1,26262000.0
1065,Apartment,3,1.5,Downtown,1996,2,1,11001000.0
4127,Villa,3,2.0,Suburban,1959,1,1,34918000.0
2417,Villa,4,1.5,Downtown,2006,3,0,26040000.0
717,Apartment,2,3.0,Suburban,1962,3,1,8051000.0
3356,Independent House,4,1.0,Suburban,2010,1,1,25211000.0
699,Apartment,2,2.5,Downtown,2007,3,1,10547000.0
860,Apartment,1,1.5,Downtown,2017,3,1,9788000.0
2792,Villa,5,2.0,Suburban,1978,2,0,27762000.0
885,Apartment,3,1.5,Suburban,1965,2,1,9438000.0
3375,Independent House,2,1.5,Suburban,2012,3,1,24954000.0
4974,Villa,5,1.5,Suburban,1996,1,0,41478000.0
662,Apartment,2,2.5,Suburban,1992,3,1,8298000.0
1686,Independent House,3,2.0,Suburban,1972,2,0,15150000.0
1337,Apartment,3,2.5,Downtown,1979,1,1,11896000.0
84319,Agricultural Land,0,0.0,Suburban,1950,0,0,11681000.0
2958,Independent House,2,2.0,Downtown,2006,3,1,24088000.0
2713,Penthouse,4,2.0,Rural,1979,1,1,22157000.0
2894,Independent House,2,2.0,Suburban,2016,1,1,22196000.0
1075,Apartment,2,4.0,Suburban,2005,1,1,10225000.0
3285,Villa,4,2.0,Suburban,1973,3,1,30906000.0
45603,Agricultural Land,0,0.0,Rural,1950,0,0,4947000.0
2285,Villa,5,1.5,Rural,2025,2,1,22764000.0
3167,Penthouse,3,3.5,Suburban,1957,1,0,26554000.0
23432,Agricultural Land,0,0.0,Downtown,1950,0,0,6287000.0
1735,Apartment,1,1.5,Rural,1993,1,0,9995000.0
1008,Apartment,3,3.0,Downtown,1983,3,0,10928000.0
2830,Villa,4,1.5,Rural,1984,2,1,25761000.0
2765,Independent House,3,2.5,Suburban,1999,2,1,22045000.0
2167,Penthouse,4,1.5,Rural,1966,3,1,19550000.0
9539,Agricultural Land,0,0.0,Rural,1950,0,0,645000.0
1875,Independent House,2,3.5,Downtown,1951,1,0,16914000.0
966,Apartment,1,2.0,Suburban,2003,3,0,9081000.0
2501,Penthouse,4,1.5,Downtown,1993,2,1,24885000.0
849,Apartment,2,1.0,Downtown,1998,1,0,8969000.0
3439,Penthouse,4,2.0,Suburban,1951,1,1,28105000.0
2618,Independent House,4,2.5,Downtown,2021,2,1,23370000.0
3063,Villa,5,2.0,Suburban,2019,1,1,30479000.0
979,Apartment,1,1.5,Rural,1958,3,0,6932000.0
2671,Villa,3,2.0,Suburban,1950,2,1,26426000.0
1834,Independent House,3,2.0,Downtown,2018,2,1,18282000.0
1918,Independent House,3,1.5,Rural,1958,1,1,14410000.0
1054,Apartment,1,1.5,Rural,1963,2,1,7511000.0
4213,Villa,4,2.5,Suburban,1976,3,1,36824000.0
54935,Agricultural Land,0,0.0,Suburban,1950,0,0,7740000.0
1002,Apartment,1,4.0,Rural,1958,2,1,7341000.0
657,Apartment,1,1.5,Downtown,1985,1,1,8190000.0
1120,Apartment,3,2.5,Rural,1952,2,1,7844000.0
3127,Villa,3,1.0,Rural,1972,1,1,26945000.0
2938,Villa,4,2.0,Rural,2022,1,1,26586000.0
1209,Independent House,4,2.0,Downtown,1979,3,0,14553000.0
1664,Apartment,3,1.5,Rural,1968,2,1,10791000.0
1815,Independent House,3,2.0,Suburban,2016,3,1,16495000.0
3220,Independent House,3,3.0,Suburban,1999,3,0,24870000.0
1233,Independent House,3,3.5,Rural,1997,2,1,12461000.0
10918,Agricultural Land,0,0.0,Downtown,1950,0,0,5885000.0
1392,Apartment,1,1.0,Suburban,1952,3,0,9128000.0
4910,Villa,5,1.5,Rural,2015,3,0,39788000.0
3166,Independent House,2,4.0,Rural,1976,1,0,20867000.0
1334,Independent House,2,1.5,Rural,1989,3,0,11638000.0
3159,Villa,3,2.5,Downtown,1967,2,0,30672000.0
3439,Villa,3,1.5,Suburban,1976,1,1,31002000.0
32883,Agricultural Land,0,0.0,Downtown,1950,0,0,7124000.0
923,Apartment,3,2.0,Suburban,1960,3,1,9304000.0
1610,Apartment,3,1.5,Downtown,1988,3,0,13373000.0
3590,Villa,3,3.0,Suburban,1968,2,1,32393000.0
1283,Independent House,3,3.0,Suburban,1956,3,1,13624000.0
812,Apartment,3,1.5,Rural,2006,2,1,7307000.0
1528,Apartment,1,3.0,Suburban,1951,3,1,11599000.0
1351,Apartment,2,2.0,Suburban,1987,3,0,11531000.0
33903,Agricultural Land,0,0.0,Suburban,1950,0,0,5849000.0
1645,Apartment,2,1.0,Suburban,1954,2,1,11736000.0
704,Apartment,1,2.5,Suburban,1985,1,1,7548000.0
1369,Apartment,3,2.0,Downtown,2017,2,1,13511000.0
2959,Independent House,3,1.5,Suburban,2006,1,1,23098000.0
978,Apartment,3,1.5,Rural,1969,1,0,6045000.0
1712,Independent House,4,4.0,Downtown,1954,2,1,17205000.0
824,Apartment,2,3.0,Downtown,1973,2,0,9393000.0
3237,Penthouse,3,3.0,Suburban,1979,3,1,28192000.0
1337,Apartment,2,1.0,Rural,1977,3,1,9269000.0
1235,Independent House,3,2.5,Downtown,2002,1,1,14893000.0
145189,Agricultural Land,0,0.0,Rural,1950,0,0,16511000.0
3692,Villa,5,1.5,Rural,2000,3,0,32137000.0
3491,Independent House,2,4.0,Downtown,1956,2,1,26840000.0
1222,Apartment,3,1.0,Downtown,1991,1,1,11984000.0
1629,Apartment,2,2.0,Suburban,1984,3,1,12757000.0
3059,Villa,3,2.0,Rural,1983,3,1,27346000.0
121871,Agricultural Land,0,0.0,Suburban,1950,0,0,15260000.0
2548,Villa,3,3.0,Suburban,2022,2,1,25966000.0
3202,Independent House,2,2.5,Downtown,2025,2,0,25038000.0
4104,Villa,3,2.0,Suburban,2003,3,1,35979000.0
3282,Independent House,2,2.0,Suburban,1978,1,0,23832000.0
1099,Apartment,2,3.0,Suburban,1959,1,0,9828000.0
3336,Independent House,3,1.0,Suburban,1976,2,1,24278000.0
101639,Agricultural Land,0,0.0,Downtown,1950,0,0,16239000.0
1308,Apartment,2,3.0,Suburban,1962,2,1,10806000.0
2584,Villa,5,3.5,Downtown,1991,2,0,27819000.0
1493,Apartment,1,1.0,Downtown,1986,3,1,12684000.0
3345,Independent House,2,1.0,Rural,2010,3,1,22578000.0
736,Apartment,2,1.5,Downtown,1970,2,0,8598000.0
3423,Independent House,2,1.0,Suburban,1952,1,1,24009000.0
1586,Penthouse,4,2.0,Downtown,1957,2,1,18348000.0
1036,Apartment,3,2.5,Downtown,2019,2,1,11430000.0
3133,Villa,3,2.0,Suburban,1966,1,1,28883000.0
3119,Penthouse,3,1.5,Downtown,1959,1,1,27125000.0
154726,Agricultural Land,0,0.0,Downtown,1950,0,0,21125000.0
1363,Apartment,3,2.5,Rural,1962,1,1,9469000.0
1701,Independent House,3,2.5,Downtown,1961,1,1,16137000.0
1541,Apartment,2,3.5,Downtown,2015,3,1,14327000.0
160208,Agricultural Land,0,0.0,Rural,1950,0,0,17868000.0
73845,Agricultural Land,0,0.0,Downtown,1950,0,0,12508000.0
2711,Independent House,2,1.0,Suburban,2023,3,0,20768000.0
2531,Penthouse,3,2.5,Downtown,1972,2,1,24158000.0
1806,Independent House,3,3.5,Downtown,2014,3,1,18644000.0
2034,Villa,4,2.0,Suburban,2001,2,1,22571000.0
1274,Apartment,2,2.0,Rural,2010,2,0,8274000.0
2060,Penthouse,4,1.5,Downtown,1975,1,1,21354000.0
637,Apartment,1,3.0,Suburban,1964,1,1,7068000.0
2659,Penthouse,3,2.0,Downtown,1971,3,1,25375000.0
2321,Penthouse,3,3.5,Downtown,2014,3,0,24060000.0
2220,Villa,4,3.0,Rural,1975,3,1,22121000.0
947,Apartment,3,2.0,Downtown,1970,3,1,10867000.0
1702,Apartment,1,2.0,Rural,1973,1,1,10412000.0
1347,Apartment,2,1.0,Downtown,1965,1,0,11239000.0
2918,Independent House,3,1.5,Rural,1981,3,1,20708000.0
872,Apartment,1,2.5,Suburban,1965,2,0,7615000.0
194516,Agricultural Land,0,0.0,Rural,1950,0,0,21428000.0
2901,Independent House,3,2.5,Downtown,1991,1,1,24137000.0
907,Apartment,2,2.0,Suburban,1981,1,0,8733000.0
2397,Independent House,4,3.0,Suburban,1999,1,0,20172000.0
2824,Independent House,3,1.5,Suburban,1990,1,1,21471000.0
4291,Villa,3,2.0,Rural,1973,3,1,34460000.0
2228,Independent House,4,2.0,Suburban,1962,3,1,18710000.0
129394,Agricultural Land,0,0.0,Rural,1950,0,0,14464000.0
2220,Independent House,2,1.5,Suburban,2024,2,1,18832000.0
14838,Agricultural Land,0,0.0,Suburban,1950,0,0,4107000.0
137949,Agricultural Land,0,0.0,Rural,1950,0,0,15013000.0
1744,Apartment,2,3.5,Downtown,1959,1,0,13584000.0
83982,Agricultural Land,0,0.0,Suburban,1950,0,0,11728000.0
1424,Apartment,3,2.5,Rural,1991,3,0,9425000.0
1738,Penthouse,4,2.0,Suburban,1990,3,1,19074000.0
3349,Independent House,4,2.0,Downtown,1952,1,1,25266000.0
101199,Agricultural Land,0,0.0,Suburban,1950,0,0,13028000.0
148523,Agricultural Land,0,0.0,Rural,1950,0,0,17127000.0
1732,Penthouse,3,1.5,Rural,2004,3,1,16830000.0
1694,Penthouse,4,2.0,Rural,1965,3,1,16841000.0
1506,Apartment,3,2.5,Suburban,1993,3,1,12784000.0
1635,Apartment,1,3.5,Suburban,1979,2,1,12580000.0
1920,Independent House,3,3.0,Downtown,1986,3,1,18202000.0
1288,Apartment,2,1.5,Downtown,2009,1,1,12585000.0
1976,Villa,5,2.0,Downtown,1973,1,1,23859000.0
816,Apartment,2,1.0,Downtown,1975,1,0,8643000.0
158666,Agricultural Land,0,0.0,Rural,1950,0,0,18113000.0
2429,Villa,3,1.0,Rural,2007,3,0,22992000.0
1663,Penthouse,4,2.0,Suburban,1958,2,0,17870000.0
652,Apartment,1,2.0,Rural,2010,3,1,5963000.0
59546,Agricultural Land,0,0.0,Rural,1950,0,0,6720000.0
164430,Agricultural Land,0,0.0,Suburban,1950,0,0,20609000.0
3432,Independent House,2,1.5,Suburban,1968,1,1,24507000.0
1855,Villa,4,2.5,Downtown,1977,2,1,22748000.0
1617,Penthouse,4,2.5,Suburban,1956,2,1,18296000.0
1499,Apartment,1,1.5,Downtown,1994,3,1,13197000.0
1797,Independent House,2,2.5,Suburban,2012,1,0,15582000.0
1779,Independent House,2,1.5,Rural,1986,3,1,13816000.0
1615,Apartment,1,2.0,Suburban,1965,1,1,11335000.0
2438,Independent House,4,3.0,Downtown,1954,2,1,21441000.0
1454,Apartment,2,2.0,Suburban,1978,3,0,11271000.0
1307,Apartment,3,3.5,Suburban,2001,2,0,11396000.0
1703,Apartment,1,1.0,Downtown,1972,1,1,12968000.0
190242,Agricultural Land,0,0.0,Downtown,1950,0,0,25338000.0
2500,Independent House,3,2.0,Rural,1955,2,0,17482000.0
213619,Agricultural Land,0,0.0,Downtown,1950,0,0,28089000.0
2760,Independent House,2,2.0,Rural,1985,2,1,18973000.0
1716,Apartment,2,2.5,Suburban,2006,2,0,12490000.0
1191,Independent House,4,3.0,Suburban,1982,3,1,13589000.0
2018,Independent House,3,2.5,Downtown,1998,1,1,18545000.0
1726,Apartment,1,2.5,Suburban,1990,2,1,12757000.0
2195,Villa,4,1.5,Rural,2004,2,0,21271000.0
1630,Apartment,2,2.0,Downtown,1975,2,1,13134000.0
4487,Villa,5,2.5,Downtown,1986,2,1,39777000.0
2818,Villa,3,2.0,Downtown,1966,1,1,28114000.0
1166,Apartment,2,4.0,Suburban,1981,1,0,10439000.0
830,Apartment,3,1.5,Suburban,1977,3,1,8721000.0
2373,Penthouse,4,2.0,Downtown,1974,1,0,23100000.0
1239,Independent House,2,2.0,Suburban,1996,1,1,12674000.0
689,Apartment,2,3.0,Suburban,1971,2,1,7964000.0
121735,Agricultural Land,0,0.0,Rural,1950,0,0,14120000.0
832,Apartment,2,3.5,Suburban,2010,3,0,9938000.0
2153,Villa,4,1.5,Downtown,1993,3,0,24252000.0
206303,Agricultural Land,0,0.0,Downtown,1950,0,0,26840000.0
1038,Apartment,2,1.0,Suburban,1969,2,1,9290000.0
944,Apartment,1,2.0,Downtown,1999,3,0,10105000.0
1263,Apartment,3,2.0,Suburban,1996,1,1,11169000.0
1256,Apartment,3,4.0,Suburban,1996,3,1,11793000.0
729,Apartment,2,2.0,Suburban,2021,2,1,8497000.0
3988,Villa,3,1.5,Suburban,2000,3,0,34979000.0
1014,Apartment,1,2.0,Suburban,2004,3,0,9338000.0
2116,Independent House,2,2.0,Suburban,1988,3,1,17849000.0
62429,Agricultural Land,0,0.0,Rural,1950,0,0,7104000.0
3479,Penthouse,4,3.0,Suburban,1963,2,1,29218000.0
3478,Villa,3,1.0,Suburban,2018,1,1,30695000.0
822,Apartment,1,1.5,Suburban,1996,3,1,8405000.0
2543,Villa,3,4.0,Downtown,1970,1,1,27090000.0
1462,Independent House,3,1.5,Downtown,1964,1,0,14702000.0
2568,Independent House,4,2.5,Rural,1950,1,1,18226000.0
1763,Apartment,3,2.0,Rural,1959,3,0,10798000.0
137395,Agricultural Land,0,0.0,Suburban,1950,0,0,17212000.0
2046,Independent House,3,2.0,Suburban,1972,1,0,16771000.0
1458,Apartment,3,1.0,Downtown,1967,3,1,12974000.0
1664,Independent House,2,1.5,Suburban,2007,3,1,15659000.0
2356,Independent House,2,2.0,Rural,2022,3,1,17322000.0
2514,Penthouse,4,1.5,Rural,2001,1,1,21555000.0
3932,Villa,5,2.0,Suburban,1995,3,1,35923000.0
2120,Penthouse,4,1.5,Suburban,1962,2,1,20714000.0
1654,Apartment,1,2.5,Suburban,1966,2,0,11818000.0
2764,Independent House,2,3.5,Suburban,2016,2,0,21619000.0
3287,Independent House,4,1.0,Suburban,2010,3,1,25010000.0
962,Apartment,2,1.5,Suburban,2014,2,1,9331000.0
1421,Apartment,3,3.0,Downtown,2002,3,1,13868000.0
2912,Penthouse,4,2.5,Suburban,1954,3,1,25917000.0
1267,Apartment,3,1.0,Suburban,1981,3,1,10362000.0
2880,Independent House,4,2.0,Rural,1994,1,1,20124000.0
698,Apartment,3,1.5,Rural,2005,2,1,6187000.0
646,Apartment,2,1.5,Suburban,1954,3,1,7284000.0
1438,Apartment,2,3.5,Suburban,2025,2,1,12507000.0
140124,Agricultural Land,0,0.0,Suburban,1950,0,0,17252000.0
3102,Penthouse,3,2.5,Rural,1983,2,0,24509000.0
216092,Agricultural Land,0,0.0,Downtown,1950,0,0,28549000.0
2702,Independent House,2,2.5,Rural,2010,1,1,19031000.0
1742,Apartment,3,1.5,Downtown,2011,2,1,14444000.0
1597,Independent House,2,1.0,Downtown,2018,3,0,15811000.0
1391,Independent House,3,3.0,Suburban,2012,3,1,14584000.0
2476,Penthouse,3,1.0,Suburban,1993,2,0,22538000.0
1675,Apartment,1,2.0,Downtown,1977,2,0,13342000.0
2312,Independent House,2,1.5,Suburban,2019,1,1,19107000.0
936,Apartment,3,2.0,Rural,1962,3,0,6772000.0
1409,Apartment,1,1.5,Downtown,1992,2,1,12077000.0
3205,Villa,4,1.5,Suburban,1979,2,1,29841000.0
2159,Independent House,3,3.0,Suburban,1975,3,1,19189000.0
2531,Independent House,3,2.5,Suburban,2012,2,0,20628000.0
2385,Independent House,3,1.0,Suburban,2022,1,1,19615000.0
1880,Independent House,2,2.5,Suburban,2006,2,1,16920000.0
3099,Penthouse,3,1.5,Rural,2013,2,1,24646000.0
193219,Agricultural Land,0,0.0,Suburban,1950,0,0,23375000.0
51263,Agricultural Land,0,0.0,Rural,1950,0,0,5695000.0
1519,Penthouse,4,2.0,Suburban,1998,1,1,17818000.0
1127,Apartment,2,2.5,Rural,2001,1,1,7885000.0
2968,Villa,5,1.5,Downtown,2012,1,0,29918000.0
2231,Independent House,4,2.0,Downtown,1962,3,1,20416000.0
975,Apartment,2,2.5,Suburban,1994,2,0,9209000.0
3027,Penthouse,4,3.5,Rural,1995,2,1,25015000.0
765,Apartment,2,2.0,Downtown,1990,1,1,9292000.0
95218,Agricultural Land,0,0.0,Rural,1950,0,0,10400000.0
1616,Independent House,4,1.0,Downtown,1995,3,1,17498000.0
4459,Villa,4,1.5,Downtown,1950,1,1,38651000.0
3425,Villa,4,2.0,Downtown,2022,2,0,32535000.0
52260,Agricultural Land,0,0.0,Suburban,1950,0,0,7532000.0
2302,Villa,3,1.5,Rural,2017,3,1,22791000.0
2712,Villa,5,2.0,Downtown,1961,3,1,29093000.0
678,Apartment,1,2.5,Suburban,2022,2,1,8205000.0
1584,Independent House,2,1.0,Downtown,1984,3,0,15907000.0
1287,Apartment,3,1.5,Suburban,1982,3,1,11741000.0
2195,Villa,3,2.0,Downtown,2007,1,1,24213000.0
2631,Independent House,3,1.5,Suburban,1984,3,0,20821000.0
3680,Villa,3,4.0,Suburban,1995,1,1,33858000.0
1726,Apartment,3,2.0,Suburban,2015,3,0,13767000.0
1001,Apartment,2,3.0,Downtown,1993,1,1,10689000.0
2774,Villa,4,3.0,Downtown,1975,1,1,28590000.0
823,Apartment,2,3.0,Suburban,1991,3,0,9351000.0
1117,Apartment,2,1.0,Rural,1979,1,1,7505000.0
1233,Apartment,1,3.5,Rural,1981,2,1,8238000.0
194265,Agricultural Land,0,0.0,Rural,1950,0,0,21753000.0
1915,Villa,3,1.0,Rural,1985,2,1,18896000.0
1225,Independent House,3,1.0,Suburban,1968,3,1,12733000.0
829,Apartment,3,2.0,Suburban,1971,3,1,8842000.0
781,Apartment,2,1.5,Downtown,2014,3,1,9986000.0
2772,Penthouse,3,1.5,Suburban,2006,2,1,24475000.0
3141,Villa,4,1.5,Suburban,1960,3,1,29635000.0
809,Apartment,1,1.5,Rural,1975,3,0,5704000.0
695,Apartment,2,2.5,Downtown,1997,1,0,9171000.0
1493,Apartment,3,1.5,Suburban,1968,3,1,12020000.0
3681,Villa,4,2.0,Suburban,1961,2,1,32912000.0
2255,Penthouse,3,4.0,Suburban,2016,2,0,22038000.0
1709,Apartment,3,2.0,Downtown,2005,3,1,15251000.0
1014,Apartment,2,2.5,Suburban,1967,2,1,9661000.0
993,Apartment,3,4.0,Downtown,1954,1,0,10136000.0
193051,Agricultural Land,0,0.0,Rural,1950,0,0,21286000.0
1443,Apartment,3,1.0,Rural,1973,1,1,9331000.0
3024,Penthouse,3,2.0,Suburban,1987,3,1,25685000.0
2403,Villa,3,3.0,Suburban,2016,3,1,25540000.0
1581,Independent House,4,3.5,Suburban,2019,1,1,15844000.0
732,Apartment,2,2.5,Suburban,2025,1,1,8318000.0
1390,Apartment,3,1.0,Downtown,2001,3,1,12773000.0
4496,Villa,4,3.5,Rural,2024,2,1,37765000.0
2837,Penthouse,3,1.5,Suburban,1988,3,1,25286000.0
4068,Villa,4,2.0,Downtown,2008,3,1,37303000.0
1975,Independent House,4,2.0,Suburban,1975,3,1,17594000.0
1669,Apartment,3,2.0,Downtown,2014,3,1,14779000.0
157928,Agricultural Land,0,0.0,Downtown,1950,0,0,22151000.0
3043,Penthouse,3,2.5,Suburban,1997,3,1,26620000.0
1387,Apartment,3,3.0,Suburban,2002,3,1,11723000.0
15504,Agricultural Land,0,0.0,Suburban,1950,0,0,3756000.0
1838,Villa,5,2.5,Rural,1958,3,1,19700000.0
2316,Independent House,3,1.0,Rural,1954,2,1,16697000.0
4537,Villa,5,2.0,Downtown,2021,3,1,40981000.0
1661,Penthouse,3,2.5,Downtown,2010,1,1,19402000.0
3709,Villa,5,2.0,Suburban,1970,3,0,33204000.0
1727,Apartment,2,3.5,Suburban,2012,2,1,13936000.0
760,Apartment,3,3.0,Rural,1969,1,1,6319000.0
22010,Agricultural Land,0,0.0,Suburban,1950,0,0,4344000.0
1677,Apartment,3,2.5,Downtown,2007,3,0,14627000.0
2963,Independent House,3,1.0,Suburban,1994,3,1,22888000.0
2057,Independent House,4,2.5,Rural,1971,1,0,16063000.0
3289,Independent House,3,3.5,Rural,2024,3,1,23995000.0
2766,Villa,5,2.0,Downtown,2012,2,1,29025000.0
28508,Agricultural Land,0,0.0,Suburban,1950,0,0,5729000.0
1613,Apartment,1,3.0,Downtown,1979,3,0,13575000.0
917,Apartment,3,1.5,Suburban,2012,2,0,9310000.0
622,Apartment,2,2.0,Downtown,1993,3,1,8903000.0
198282,Agricultural Land,0,0.0,Rural,1950,0,0,21992000.0
4989,Villa,3,2.5,Suburban,2016,1,1,41121000.0
1300,Apartment,2,2.5,Rural,2007,2,1,9412000.0
3166,Penthouse,3,3.0,Rural,2014,3,0,25068000.0
56884,Agricultural Land,0,0.0,Downtown,1950,0,0,10704000.0
2735,Penthouse,3,1.5,Suburban,1985,3,0,24011000.0
81325,Agricultural Land,0,0.0,Rural,1950,0,0,9184000.0
1667,Apartment,2,1.5,Suburban,1955,1,0,11452000.0
1627,Penthouse,4,2.5,Suburban,1986,1,0,17502000.0
1157,Independent House,2,1.5,Suburban,2024,2,1,13047000.0
3308,Penthouse,3,2.0,Suburban,2004,2,1,27858000.0
2626,Villa,4,1.0,Suburban,2024,2,1,26336000.0
2917,Penthouse,4,1.0,Suburban,2008,3,1,25733000.0
3690,Villa,3,2.5,Downtown,1987,3,1,34760000.0
1451,Apartment,2,2.5,Downtown,1974,2,1,12442000.0
1511,Independent House,2,1.0,Downtown,1982,3,0,15246000.0
20287,Agricultural Land,0,0.0,Downtown,1950,0,0,7195000.0
121226,Agricultural Land,0,0.0,Suburban,1950,0,0,15128000.0
1042,Apartment,1,1.5,Downtown,1962,1,1,9636000.0
914,Apartment,1,1.0,Downtown,1987,3,1,10157000.0
776,Apartment,3,2.0,Suburban,2007,2,1,8603000.0
4075,Villa,5,1.0,Suburban,1969,3,1,36241000.0
3226,Penthouse,4,2.0,Suburban,1966,1,1,27134000.0
866,Apartment,2,2.5,Rural,1973,2,0,6729000.0
1837,Independent House,2,2.5,Downtown,1975,2,1,17560000.0
2902,Penthouse,4,1.5,Downtown,1989,2,1,27027000.0
2288,Villa,4,2.5,Suburban,1981,2,1,24136000.0
1701,Independent House,4,3.5,Rural,1986,3,1,14645000.0
1686,Independent House,4,1.5,Suburban,2009,1,1,15900000.0
1995,Independent House,4,1.5,Suburban,2006,3,1,18518000.0
956,Apartment,3,2.0,Downtown,2007,3,1,11225000.0
1871,Independent House,3,1.5,Suburban,2016,2,1,17592000.0
3773,Villa,3,2.5,Downtown,1971,1,1,34521000.0
165447,Agricultural Land,0,0.0,Suburban,1950,0,0,20144000.0
2351,Villa,4,3.0,Rural,2007,3,1,23251000.0
3310,Penthouse,3,2.0,Suburban,2022,1,0,27565000.0
922,Apartment,3,2.5,Rural,2023,1,0,7544000.0
3228,Independent House,2,2.5,Suburban,1998,1,0,23628000.0
1098,Apartment,3,1.0,Suburban,1998,1,0,9462000.0
682,Apartment,2,1.5,Rural,1991,3,1,6023000.0
4150,Villa,3,3.0,Suburban,1989,1,1,35893000.0
49450,Agricultural Land,0,0.0,Suburban,1950,0,0,7526000.0
1513,Apartment,2,3.5,Suburban,2020,3,1,13092000.0
1943,Independent House,4,2.5,Rural,1995,1,1,15363000.0
2182,Penthouse,4,3.5,Downtown,1971,1,1,22482000.0
1288,Apartment,3,1.5,Suburban,1970,3,0,10476000.0
3443,Independent House,4,1.5,Suburban,2000,2,1,26152000.0
3572,Villa,5,2.0,Rural,1963,3,1,30292000.0
2638,Villa,4,1.0,Rural,2023,1,1,24275000.0
1477,Apartment,2,3.0,Downtown,1958,3,1,13248000.0
1048,Independent House,2,4.0,Downtown,1967,1,0,12679000.0
3199,Penthouse,3,3.0,Rural,1962,3,1,25138000.0
1292,Independent House,3,2.0,Downtown,1966,3,1,14950000.0
1135,Apartment,2,1.5,Downtown,1974,3,0,10231000.0
1810,Penthouse,4,1.5,Downtown,2003,2,1,20480000.0
1136,Apartment,2,2.0,Downtown,1965,3,1,11068000.0
3726,Villa,5,2.5,Suburban,1973,3,1,33911000.0
1238,Apartment,3,2.0,Suburban,2024,2,1,11701000.0
118339,Agricultural Land,0,0.0,Suburban,1950,0,0,15011000.0
3141,Independent House,4,3.5,Rural,1972,2,1,21968000.0
926,Apartment,2,3.0,Downtown,1990,1,1,9931000.0
824,Apartment,3,1.0,Downtown,1982,1,1,9621000.0
1566,Apartment,3,1.0,Rural,1991,3,1,10096000.0
107914,Agricultural Land,0,0.0,Suburban,1950,0,0,14232000.0
10796,Agricultural Land,0,0.0,Downtown,1950,0,0,5156000.0
1034,Independent House,2,2.5,Suburban,1997,1,0,11572000.0
1446,Independent House,2,1.5,Suburban,1967,3,1,13348000.0
3563,Villa,5,2.5,Suburban,2012,2,0,32410000.0
125721,Agricultural Land,0,0.0,Downtown,1950,0,0,18066000.0
2558,Independent House,4,2.0,Suburban,1960,2,1,21549000.0
1594,Independent House,4,1.5,Downtown,1973,3,0,16249000.0
3025,Independent House,3,2.0,Rural,2010,1,1,21415000.0
4076,Villa,3,2.0,Suburban,2013,1,1,35452000.0
943,Apartment,1,3.0,Suburban,1985,1,1,9151000.0
2903,Villa,3,1.0,Downtown,2002,3,1,29166000.0
2419,Independent House,4,3.0,Downtown,1996,1,1,21133000.0
2813,Penthouse,4,2.5,Suburban,2001,2,1,25440000.0
1588,Apartment,2,2.5,Suburban,2006,2,1,12085000.0
2151,Independent House,2,1.0,Suburban,2024,2,1,17902000.0
2921,Independent House,2,2.5,Suburban,1972,2,1,22269000.0
3182,Villa,4,2.0,Downtown,2008,2,1,31283000.0
1126,Apartment,3,2.0,Suburban,2018,2,1,10640000.0
3122,Independent House,4,2.5,Downtown,2005,2,0,25538000.0
2569,Independent House,2,2.0,Downtown,1991,2,1,21371000.0
2894,Independent House,2,3.0,Suburban,1967,2,0,21925000.0
4043,Villa,4,1.5,Rural,2020,3,1,33916000.0
3666,Villa,3,3.0,Suburban,1982,3,1,33488000.0
1528,Penthouse,4,1.5,Rural,1952,2,1,15360000.0
1305,Apartment,2,3.0,Rural,1977,2,0,8148000.0
2520,Penthouse,3,3.5,Downtown,1950,2,0,23650000.0
3063,Independent House,2,1.5,Rural,2012,1,1,20895000.0
1404,Apartment,1,2.0,Suburban,1996,3,1,11136000.0
1539,Apartment,3,2.5,Rural,1986,2,0,10452000.0
1566,Apartment,2,1.0,Suburban,1997,3,1,12297000.0
3137,Penthouse,4,2.0,Suburban,1968,2,1,26654000.0
4948,Villa,5,2.0,Suburban,1963,1,0,41493000.0
1728,Penthouse,4,3.0,Suburban,2016,2,1,19730000.0
1572,Independent House,4,3.0,Rural,2014,3,1,13865000.0
2606,Independent House,4,2.5,Downtown,1975,3,1,22376000.0
1214,Apartment,2,2.5,Suburban,1959,3,1,10711000.0
925,Apartment,1,2.5,Downtown,2019,3,1,10922000.0
1358,Independent House,4,2.0,Downtown,1992,2,1,15994000.0
923,Apartment,3,2.0,Downtown,2019,1,0,11250000.0
764,Apartment,3,2.0,Downtown,2021,1,1,10195000.0
2596,Independent House,2,3.5,Suburban,2008,2,1,21432000.0
3427,Villa,3,2.5,Suburban,1952,2,1,31776000.0
117233,Agricultural Land,0,0.0,Downtown,1950,0,0,17191000.0
213464,Agricultural Land,0,0.0,Downtown,1950,0,0,27546000.0
2950,Villa,5,2.0,Rural,1954,3,1,26749000.0
1192,Independent House,2,2.5,Downtown,1986,2,0,14191000.0
4474,Villa,5,2.0,Suburban,2001,1,1,39287000.0
3297,Penthouse,3,2.5,Downtown,2015,2,1,29481000.0
1129,Apartment,2,2.0,Downtown,2012,2,1,11514000.0
1091,Independent House,3,1.5,Suburban,1956,1,0,11115000.0
1638,Penthouse,3,2.5,Suburban,2002,1,1,17951000.0
1480,Independent House,3,2.5,Suburban,1955,2,1,14021000.0
3496,Independent House,3,2.0,Downtown,1956,3,1,26458000.0
2356,Independent House,3,2.0,Suburban,1993,3,1,19795000.0
1468,Apartment,3,2.5,Suburban,1967,3,0,11442000.0
1339,Independent House,2,2.5,Downtown,2003,1,1,14932000.0
1675,Apartment,1,3.0,Downtown,1978,1,1,13761000.0
1065,Apartment,1,2.0,Downtown,1974,3,0,10034000.0
1317,Apartment,2,3.5,Suburban,2012,2,0,11164000.0
2298,Penthouse,4,2.5,Downtown,2017,2,1,23383000.0
1074,Apartment,3,2.5,Suburban,1962,2,1,10152000.0
3448,Independent House,2,2.5,Downtown,1981,1,1,25715000.0
1204,Apartment,2,1.5,Downtown,1976,1,1,11376000.0
67929,Agricultural Land,0,0.0,Downtown,1950,0,0,11859000.0
1521,Apartment,3,1.0,Suburban,2000,3,1,13048000.0
1820,Independent House,4,2.5,Downtown,1983,2,1,18633000.0
132836,Agricultural Land,0,0.0,Suburban,1950,0,0,16256000.0
3032,Penthouse,3,2.0,Suburban,1977,1,1,26414000.0
1776,Apartment,1,2.5,Suburban,2022,1,0,12703000.0
2013,Penthouse,4,2.0,Suburban,2021,3,1,20788000.0
2526,Independent House,3,1.5,Suburban,1979,2,1,20014000.0
2877,Independent House,2,1.5,Suburban,1958,1,1,21208000.0
1629,Apartment,2,2.5,Rural,1962,1,1,10736000.0
1099,Apartment,3,1.5,Downtown,2013,1,0,10312000.0
3484,Villa,5,2.5,Downtown,1987,1,0,33721000.0
1716,Independent House,4,2.0,Suburban,1971,2,0,16039000.0
2141,Independent House,4,2.5,Suburban,1980,3,1,18911000.0
3308,Villa,3,1.0,Suburban,1991,2,0,29814000.0
2100,Penthouse,3,1.5,Downtown,2011,3,1,22129000.0
1265,Apartment,2,2.5,Suburban,2013,1,1,11208000.0
4315,Villa,4,2.0,Rural,2023,2,0,35812000.0
760,Apartment,2,1.5,Suburban,1958,3,1,7770000.0
1769,Penthouse,4,3.5,Rural,1993,3,0,17537000.0
2879,Villa,4,1.5,Suburban,2012,1,1,27856000.0
192972,Agricultural Land,0,0.0,Downtown,1950,0,0,25474000.0
748,Apartment,3,2.0,Suburban,1989,3,0,8902000.0
1669,Apartment,3,1.5,Suburban,1990,3,1,13354000.0
1767,Apartment,3,2.0,Suburban,2021,3,1,13598000.0
1231,Apartment,2,2.0,Suburban,1999,1,1,10537000.0
1012,Apartment,3,1.5,Suburban,1969,2,1,9636000.0
86177,Agricultural Land,0,0.0,Downtown,1950,0,0,13824000.0
986,Apartment,3,2.5,Downtown,2019,1,1,10481000.0
874,Apartment,3,2.0,Suburban,1991,3,0,8731000.0
1852,Penthouse,3,2.5,Rural,1982,3,1,16839000.0
2102,Independent House,2,1.5,Downtown,2012,2,0,18590000.0
2097,Penthouse,4,2.0,Rural,2006,3,1,19395000.0
1157,Apartment,2,1.0,Suburban,2014,2,0,9815000.0
3160,Independent House,2,2.5,Downtown,2001,3,0,24731000.0
1714,Apartment,3,2.5,Downtown,1955,3,1,13840000.0
740,Apartment,3,3.0,Downtown,1956,1,0,8749000.0
18988,Agricultural Land,0,0.0,Rural,1950,0,0,2002000.0
1329,Apartment,3,2.0,Suburban,1958,1,1,11090000.0
1588,Independent House,3,2.5,Rural,2010,2,1,13758000.0
3458,Independent House,3,2.5,Rural,1983,1,1,23625000.0
976,Apartment,2,1.0,Suburban,1984,2,1,9181000.0
103629,Agricultural Land,0,0.0,Suburban,1950,0,0,13646000.0
1775,Apartment,2,1.5,Suburban,1969,1,1,12213000.0
2550,Villa,4,2.0,Suburban,2007,2,1,26560000.0
137560,Agricultural Land,0,0.0,Downtown,1950,0,0,19746000.0
2629,Independent House,2,2.5,Suburban,2009,3,0,20780000.0
90324,Agricultural Land,0,0.0,Suburban,1950,0,0,12227000.0
1302,Apartment,2,1.0,Downtown,2003,2,0,12100000.0
3059,Independent House,4,2.5,Suburban,1984,1,1,23542000.0
1779,Apartment,2,2.0,Rural,1996,2,0,11152000.0
2276,Villa,3,2.0,Suburban,1995,1,1,23528000.0
197290,Agricultural Land,0,0.0,Suburban,1950,0,0,24098000.0
1407,Apartment,3,1.5,Downtown,1953,3,1,12479000.0
4024,Villa,3,2.0,Suburban,1959,1,1,34708000.0
656,Apartment,3,1.0,Suburban,2024,3,0,8224000.0
2875,Independent House,3,1.0,Rural,1989,3,1,20106000.0
1447,Independent House,2,2.5,Rural,2004,1,1,11720000.0
177468,Agricultural Land,0,0.0,Rural,1950,0,0,19987000.0
3456,Villa,5,1.5,Downtown,2022,3,1,33842000.0
1337,Apartment,2,1.5,Suburban,1989,1,0,11010000.0
801,Apartment,3,1.5,Rural,2025,2,1,7535000.0
962,Apartment,1,2.0,Rural,1972,3,1,7292000.0
1491,Apartment,1,1.0,Rural,1964,2,0,8845000.0
1053,Apartment,1,1.5,Suburban,1954,2,1,9054000.0
196807,Agricultural Land,0,0.0,Suburban,1950,0,0,23696000.0
1022,Independent House,2,2.0,Downtown,1989,1,1,13036000.0
3202,Independent House,3,2.0,Rural,1967,1,1,21531000.0
848,Apartment,3,4.0,Suburban,1970,3,1,8828000.0
60526,Agricultural Land,0,0.0,Downtown,1950,0,0,11170000.0
1933,Villa,4,2.0,Downtown,1952,1,1,22708000.0
920,Apartment,1,2.0,Suburban,1995,2,1,8410000.0
4237,Villa,5,2.0,Suburban,2002,2,1,37569000.0
1433,Independent House,2,1.5,Downtown,1969,2,1,15034000.0
1645,Apartment,2,3.0,Downtown,2008,3,0,14466000.0
1872,Independent House,3,2.0,Downtown,1970,1,0,17254000.0
3098,Independent House,3,1.5,Downtown,2000,2,1,24307000.0
775,Apartment,3,2.5,Rural,1974,3,1,6738000.0
118378,Agricultural Land,0,0.0,Suburban,1950,0,0,14875000.0
2465,Penthouse,4,1.0,Suburban,2017,1,1,23009000.0
2538,Villa,5,4.0,Suburban,1959,1,1,26192000.0
2129,Independent House,2,3.0,Suburban,2016,2,1,18380000.0
2339,Independent House,4,2.0,Suburban,1958,3,0,19379000.0
2101,Villa,5,1.0,Rural,1978,2,0,20363000.0
2977,Independent House,3,1.5,Suburban,1986,2,0,22538000.0
1315,Apartment,1,1.5,Suburban,2020,3,0,10549000.0
3315,Independent House,3,1.5,Suburban,1987,2,1,24541000.0
2693,Penthouse,3,2.0,Rural,2021,3,1,22211000.0
1550,Independent House,2,3.5,Downtown,2008,3,0,16679000.0
1764,Apartment,3,2.0,Downtown,2006,2,1,14797000.0
2669,Penthouse,4,2.5,Rural,2009,2,1,22849000.0
913,Apartment,3,2.5,Rural,1977,1,1,6935000.0
783,Apartment,3,3.0,Suburban,1977,1,1,8514000.0
1312,Apartment,3,1.0,Suburban,1995,3,0,10748000.0
727,Apartment,1,2.0,Downtown,2020,3,1,9627000.0
2810,Penthouse,4,2.5,Suburban,2016,3,0,25750000.0
3433,Independent House,3,3.0,Rural,2004,1,1,23329000.0
870,Apartment,3,3.5,Downtown,1987,2,1,10787000.0
174756,Agricultural Land,0,0.0,Suburban,1950,0,0,21150000.0
112126,Agricultural Land,0,0.0,Rural,1950,0,0,12592000.0
195792,Agricultural Land,0,0.0,Suburban,1950,0,0,23268000.0
1430,Apartment,1,2.5,Suburban,1967,2,1,11183000.0
2226,Independent House,3,1.5,Suburban,2025,1,1,18784000.0
94563,Agricultural Land,0,0.0,Rural,1950,0,0,10560000.0
2127,Penthouse,4,2.0,Rural,2012,2,0,19808000.0
1203,Apartment,2,1.0,Suburban,1954,2,1,9244000.0
1761,Apartment,3,2.5,Rural,1993,2,1,11806000.0
2445,Independent House,2,2.0,Rural,1978,1,1,17414000.0
152086,Agricultural Land,0,0.0,Rural,1950,0,0,17119000.0
2585,Independent House,4,2.5,Suburban,1963,3,1,21274000.0
3118,Independent House,3,3.5,Suburban,2007,2,1,24316000.0
1510,Apartment,1,2.5,Suburban,1993,2,1,11862000.0
2393,Villa,5,1.5,Suburban,1967,3,0,25589000.0
2895,Penthouse,4,1.5,Suburban,1956,2,0,24865000.0
1599,Independent House,4,3.0,Downtown,2011,2,1,17322000.0
2013,Penthouse,3,1.5,Suburban,1994,3,1,19911000.0
58761,Agricultural Land,0,0.0,Suburban,1950,0,0,8216000.0
1593,Apartment,3,1.5,Rural,1965,1,0,9818000.0
2066,Independent House,2,1.5,Rural,2013,1,1,15605000.0
1438,Apartment,2,2.0,Suburban,1986,2,1,11501000.0
3457,Penthouse,4,1.0,Suburban,1974,2,1,28876000.0
1809,Independent House,3,3.5,Suburban,1958,3,1,16550000.0
3980,Villa,4,4.0,Downtown,2004,3,0,37764000.0
2918,Penthouse,4,4.0,Downtown,1977,2,1,27478000.0
2088,Independent House,3,1.0,Rural,1958,2,1,15582000.0
128369,Agricultural Land,0,0.0,Downtown,1950,0,0,18469000.0
1768,Independent House,2,3.5,Rural,1961,1,1,13550000.0
1066,Apartment,3,4.0,Rural,1967,1,1,8019000.0
2270,Villa,4,3.5,Suburban,2005,1,1,24146000.0
1648,Penthouse,4,2.5,Rural,2023,1,1,16072000.0
687,Apartment,1,2.5,Suburban,2007,3,1,8442000.0
23943,Agricultural Land,0,0.0,Rural,1950,0,0,2651000.0
203715,Agricultural Land,0,0.0,Rural,1950,0,0,22589000.0
1705,Apartment,3,1.0,Downtown,2000,1,1,14544000.0
174454,Agricultural Land,0,0.0,Suburban,1950,0,0,21541000.0
1464,Apartment,1,3.0,Suburban,1981,1,1,11344000.0
623,Apartment,1,1.0,Downtown,1997,2,1,8291000.0
1555,Apartment,2,1.5,Rural,1957,1,1,9377000.0
36250,Agricultural Land,0,0.0,Suburban,1950,0,0,6648000.0
3284,Villa,4,4.0,Suburban,1979,2,0,30846000.0
1263,Apartment,3,2.0,Downtown,1975,2,1,13010000.0
3485,Independent House,4,1.0,Suburban,1973,1,0,24703000.0
2505,Villa,4,4.0,Rural,1976,1,1,23809000.0
1021,Apartment,1,4.0,Suburban,2024,2,0,10189000.0
145755,Agricultural Land,0,0.0,Suburban,1950,0,0,18357000.0
3020,Penthouse,4,1.5,Suburban,1988,3,1,26740000.0
1946,Independent House,4,3.0,Downtown,2015,2,0,18850000.0
12401,Agricultural Land,0,0.0,Suburban,1950,0,0,2970000.0
2564,Independent House,2,2.0,Downtown,2000,3,1,21748000.0
153846,Agricultural Land,0,0.0,Downtown,1950,0,0,21536000.0
3389,Villa,3,2.0,Downtown,2022,3,1,33353000.0
3118,Villa,3,1.5,Rural,1999,1,0,26813000.0
641,Apartment,2,1.0,Rural,1994,1,1,5325000.0
82250,Agricultural Land,0,0.0,Downtown,1950,0,0,13410000.0
1386,Independent House,3,1.5,Suburban,1982,1,1,13798000.0
1761,Apartment,3,1.0,Downtown,1968,1,1,14325000.0
1509,Apartment,1,3.5,Rural,1962,2,0,9202000.0
1715,Independent House,2,2.5,Suburban,1971,3,0,15374000.0
3478,Independent House,3,3.0,Suburban,1969,2,0,25496000.0
4401,Villa,5,2.5,Suburban,1954,3,0,37740000.0
176654,Agricultural Land,0,0.0,Suburban,1950,0,0,21156000.0
1399,Apartment,3,1.0,Suburban,1981,2,0,11508000.0
2225,Villa,3,3.5,Downtown,1979,3,1,25128000.0
625,Apartment,2,3.0,Downtown,1975,1,1,9017000.0
147099,Agricultural Land,0,0.0,Suburban,1950,0,0,18388000.0
1555,Penthouse,4,1.5,Rural,1953,3,1,14928000.0
1105,Independent House,2,1.0,Suburban,2016,1,0,11624000.0
4696,Villa,4,2.5,Downtown,1992,3,1,41472000.0
1269,Apartment,3,2.5,Rural,1979,2,1,9042000.0
1375,Independent House,2,3.0,Downtown,1965,3,1,15166000.0
2242,Penthouse,3,1.0,Downtown,2020,2,0,22548000.0
1966,Independent House,2,1.0,Rural,1988,2,1,14955000.0
1307,Independent House,4,2.0,Suburban,1990,1,1,13855000.0
3138,Independent House,2,2.5,Suburban,1980,3,1,23665000.0
2916,Penthouse,3,1.0,Suburban,1998,2,0,24641000.0
1401,Apartment,2,2.0,Suburban,1962,3,0,10788000.0
709,Apartment,3,2.0,Downtown,1990,1,1,9268000.0
3464,Villa,4,2.5,Suburban,1977,1,1,31532000.0
2084,Penthouse,3,1.5,Suburban,2013,3,1,20774000.0
939,Apartment,3,2.0,Rural,1968,2,1,7453000.0
1578,Apartment,1,3.0,Rural,2021,2,0,10758000.0
955,Apartment,3,3.5,Suburban,1974,2,1,9392000.0
767,Apartment,1,1.5,Suburban,1987,3,1,7991000.0
1556,Independent House,3,1.5,Downtown,1952,2,1,15447000.0
2704,Villa,4,3.5,Downtown,1951,2,0,27361000.0
1904,Villa,3,2.0,Suburban,1954,2,0,20516000.0
3847,Villa,4,2.5,Suburban,2010,1,1,34235000.0
3197,Independent House,4,2.5,Suburban,1969,2,1,24406000.0
1645,Penthouse,3,1.5,Suburban,2025,3,1,18346000.0
1873,Independent House,2,2.5,Rural,1987,3,1,14681000.0
187906,Agricultural Land,0,0.0,Suburban,1950,0,0,22762000.0
3536,Villa,3,2.5,Suburban,1985,2,1,31649000.0
1245,Apartment,2,2.0,Downtown,1995,3,0,11512000.0
4570,Villa,4,1.0,Suburban,1986,3,0,38794000.0
1671,Apartment,3,4.0,Rural,2003,2,1,11400000.0
2437,Villa,5,2.0,Downtown,1970,1,1,25718000.0
838,Apartment,1,2.5,Suburban,1970,2,1,8718000.0
1630,Apartment,3,3.0,Rural,2019,3,0,11455000.0
106691,Agricultural Land,0,0.0,Suburban,1950,0,0,14041000.0
1383,Apartment,2,2.0,Suburban,2009,3,1,11529000.0
2396,Penthouse,3,2.5,Downtown,1985,2,1,23256000.0
970,Apartment,2,4.0,Suburban,1960,3,1,9762000.0
2286,Villa,5,2.0,Suburban,1980,1,1,23938000.0
3837,Villa,4,2.0,Downtown,1986,2,1,35778000.0
3212,Independent House,3,3.5,Suburban,2009,3,1,25071000.0
1748,Apartment,3,1.5,Downtown,2010,1,1,14594000.0
791,Apartment,3,1.0,Suburban,2016,3,1,9151000.0
1329,Apartment,2,3.5,Rural,1978,1,1,9700000.0
813,Apartment,1,3.0,Suburban,2016,3,0,8891000.0
4421,Villa,5,4.0,Suburban,2020,2,1,39266000.0
12326,Agricultural Land,0,0.0,Suburban,1950,0,0,3397000.0
123644,Agricultural Land,0,0.0,Downtown,1950,0,0,17640000.0
3101,Penthouse,4,1.0,Rural,2016,3,1,25091000.0
2297,Penthouse,4,1.5,Downtown,1965,2,1,23312000.0
2038,Villa,5,1.0,Downtown,1994,1,0,23488000.0
1299,Apartment,3,2.5,Suburban,1983,1,1,11335000.0
55464,Agricultural Land,0,0.0,Suburban,1950,0,0,7834000.0
4352,Villa,5,2.5,Suburban,1993,3,0,38333000.0
3249,Independent House,4,2.0,Downtown,1991,2,0,25602000.0
1519,Apartment,3,1.0,Rural,1984,2,1,10067000.0
2527,Independent House,2,2.5,Suburban,2024,1,1,20430000.0
2667,Independent House,2,2.0,Downtown,1979,1,1,21771000.0
147640,Agricultural Land,0,0.0,Suburban,1950,0,0,18208000.0
2996,Independent House,2,1.0,Downtown,2002,3,1,24337000.0
2425,Independent House,3,3.5,Suburban,2007,1,0,19495000.0
194493,Agricultural Land,0,0.0,Suburban,1950,0,0,23554000.0
1305,Apartment,1,1.5,Suburban,1977,1,1,9912000.0
2490,Independent House,2,2.5,Downtown,1964,2,0,20301000.0
1139,Apartment,2,3.0,Downtown,1987,2,1,12203000.0
4864,Villa,3,2.0,Downtown,1999,2,1,41669000.0
187161,Agricultural Land,0,0.0,Downtown,1950,0,0,24343000.0
993,Apartment,3,1.5,Downtown,1962,1,1,10622000.0
216663,Agricultural Land,0,0.0,Suburban,1950,0,0,25685000.0
1196,Apartment,1,1.5,Downtown,1984,3,1,11656000.0
99432,Agricultural Land,0,0.0,Suburban,1950,0,0,12262000.0
3146,Penthouse,3,3.0,Suburban,1973,3,1,27708000.0
3306,Penthouse,3,1.5,Downtown,2014,1,1,29312000.0
1040,Apartment,3,2.5,Suburban,1967,3,1,10009000.0
160286,Agricultural Land,0,0.0,Downtown,1950,0,0,21412000.0
3329,Villa,5,4.0,Suburban,2007,1,0,31173000.0
1517,Apartment,3,4.0,Suburban,1975,3,1,12624000.0
1819,Penthouse,3,2.0,Downtown,1978,1,1,20014000.0
1152,Apartment,2,3.0,Suburban,2021,2,1,10573000.0
131519,Agricultural Land,0,0.0,Downtown,1950,0,0,18152000.0
1167,Apartment,3,4.0,Suburban,1993,3,0,11136000.0
4766,Villa,5,2.0,Rural,1954,2,0,38276000.0
1235,Independent House,4,1.5,Downtown,1982,2,1,15311000.0
1586,Apartment,3,1.0,Suburban,1954,3,1,11853000.0
1785,Apartment,2,1.0,Downtown,1985,1,1,13662000.0
1632,Apartment,1,3.0,Downtown,1962,2,0,12079000.0
3107,Independent House,2,2.0,Downtown,1974,2,0,23512000.0
1492,Apartment,3,3.0,Rural,2007,1,1,10126000.0
2840,Independent House,4,2.5,Suburban,1951,1,1,21689000.0
824,Apartment,3,2.5,Rural,1985,3,1,7090000.0
1299,Apartment,1,2.5,Suburban,1974,3,0,10576000.0
2381,Villa,3,1.0,Downtown,1983,1,1,25326000.0
1593,Apartment,3,3.0,Suburban,1961,2,1,12424000.0
174485,Agricultural Land,0,0.0,Rural,1950,0,0,19398000.0
198094,Agricultural Land,0,0.0,Rural,1950,0,0,21583000.0
1813,Villa,3,2.0,Suburban,1968,1,1,20181000.0
3211,Independent House,3,2.0,Suburban,1986,3,0,23655000.0
57280,Agricultural Land,0,0.0,Downtown,1950,0,0,10379000.0
1651,Apartment,3,1.0,Downtown,1950,2,1,13982000.0
1045,Apartment,3,3.5,Suburban,2009,2,1,10693000.0
1315,Apartment,2,3.5,Rural,2016,3,1,9701000.0
2475,Penthouse,4,2.0,Suburban,1998,2,1,23469000.0
1418,Apartment,1,2.0,Rural,1995,1,1,8878000.0
3151,Independent House,3,2.5,Downtown,1997,3,1,25975000.0
41521,Agricultural Land,0,0.0,Suburban,1950,0,0,6673000.0
11853,Agricultural Land,0,0.0,Rural,1950,0,0,1156000.0
1849,Independent House,4,1.5,Suburban,2017,2,1,17644000.0
1729,Apartment,1,1.5,Suburban,1968,3,1,12626000.0
3202,Penthouse,4,2.5,Suburban,1989,2,1,27845000.0
3001,Independent House,2,1.0,Suburban,1955,1,1,22063000.0
1368,Apartment,1,2.0,Rural,2012,3,1,9579000.0
876,Apartment,1,2.0,Suburban,1984,2,1,8616000.0
113911,Agricultural Land,0,0.0,Downtown,1950,0,0,16782000.0
4747,Villa,3,2.0,Suburban,2021,1,1,40329000.0
1687,Penthouse,4,1.5,Downtown,2010,1,0,19265000.0
161187,Agricultural Land,0,0.0,Suburban,1950,0,0,20129000.0
3152,Independent House,4,2.0,Downtown,1954,1,1,24933000.0
1545,Independent House,4,1.5,Rural,1986,2,1,13261000.0
3427,Independent House,3,2.0,Rural,2025,2,1,23988000.0
709,Apartment,3,2.5,Downtown,1960,1,1,9246000.0
1544,Independent House,2,4.0,Downtown,1989,1,1,16542000.0
1853,Penthouse,4,1.0,Suburban,2014,1,0,19321000.0
2542,Villa,3,3.0,Suburban,1957,1,1,25229000.0
181395,Agricultural Land,0,0.0,Downtown,1950,0,0,23276000.0
2875,Independent House,2,1.5,Downtown,1960,1,1,22766000.0
2888,Villa,4,2.0,Suburban,2020,2,1,28637000.0
2132,Villa,3,2.0,Suburban,2007,3,1,24020000.0
2536,Independent House,2,2.0,Downtown,1997,3,0,20922000.0
2956,Villa,4,2.5,Suburban,1962,3,0,28217000.0
1191,Apartment,1,2.0,Rural,2009,2,1,7811000.0
1782,Independent House,2,1.5,Downtown,1998,3,1,17134000.0
1139,Apartment,3,3.0,Suburban,2016,3,1,11727000.0
2558,Independent House,3,1.5,Downtown,1956,3,1,20967000.0
2519,Independent House,2,1.5,Downtown,1974,3,1,20700000.0
4468,Villa,3,1.0,Downtown,1972,1,0,38480000.0
29211,Agricultural Land,0,0.0,Suburban,1950,0,0,5271000.0
4756,Villa,3,1.5,Rural,2000,2,1,37840000.0
3633,Villa,3,2.0,Suburban,1996,3,1,32147000.0
1991,Independent House,4,2.0,Downtown,1954,1,1,18778000.0
3946,Villa,5,1.5,Downtown,1962,3,0,35947000.0
916,Apartment,3,1.0,Suburban,1991,3,1,9083000.0
722,Apartment,3,2.5,Downtown,1954,3,1,9685000.0
2616,Independent House,3,2.5,Suburban,1972,3,0,21104000.0
2518,Independent House,2,4.0,Suburban,2011,3,1,20901000.0
1056,Apartment,3,3.5,Rural,1950,1,1,7599000.0
1121,Apartment,1,3.5,Downtown,2023,3,0,11592000.0
1119,Apartment,2,2.5,Suburban,2003,1,1,10247000.0
78485,Agricultural Land,0,0.0,Downtown,1950,0,0,13076000.0
914,Apartment,1,2.5,Suburban,2021,3,0,9040000.0
2936,Independent House,2,1.0,Suburban,1952,2,1,21991000.0
1643,Apartment,3,2.5,Rural,2013,1,1,10854000.0
2359,Villa,5,1.0,Suburban,2000,3,1,25082000.0
1568,Apartment,2,3.0,Suburban,1951,1,1,11735000.0
1753,Apartment,1,2.0,Downtown,1998,3,0,13478000.0
3403,Independent House,4,2.5,Downtown,1980,3,1,27110000.0
1677,Apartment,3,1.0,Suburban,2023,1,0,12754000.0
1489,Apartment,3,2.0,Rural,1952,3,1,9864000.0
1392,Apartment,2,1.5,Suburban,1984,3,1,11516000.0
864,Apartment,1,1.5,Suburban,1985,3,1,8434000.0
1581,Apartment,3,2.0,Downtown,2013,3,0,14418000.0
1401,Apartment,1,1.0,Suburban,1981,3,0,10738000.0
1542,Penthouse,4,2.0,Suburban,1967,3,1,17668000.0
2609,Independent House,3,2.0,Downtown,1983,1,0,21293000.0
2777,Independent House,2,3.0,Suburban,2005,2,1,21317000.0
1753,Apartment,3,2.0,Suburban,2016,3,0,13897000.0
21241,Agricultural Land,0,0.0,Suburban,1950,0,0,3770000.0
2567,Independent House,2,2.0,Suburban,2002,1,1,20162000.0
1729,Apartment,1,4.0,Suburban,2016,2,1,13705000.0
4759,Villa,4,2.0,Suburban,2015,1,1,40153000.0
600,Apartment,2,2.0,Suburban,2013,2,1,7698000.0
1183,Apartment,1,2.0,Suburban,2016,2,1,9902000.0
1431,Independent House,2,3.0,Downtown,1988,2,0,14900000.0
187052,Agricultural Land,0,0.0,Downtown,1950,0,0,24637000.0
3100,Independent House,2,1.5,Downtown,1987,1,1,23930000.0
4787,Villa,4,2.0,Suburban,1989,2,0,40222000.0
200763,Agricultural Land,0,0.0,Rural,1950,0,0,22353000.0
1737,Apartment,2,2.5,Downtown,1968,3,1,14712000.0
746,Apartment,1,1.0,Downtown,1954,3,1,8483000.0
3030,Independent House,3,3.0,Suburban,2018,2,0,23648000.0
2189,Independent House,4,2.0,Suburban,1963,2,1,18405000.0
2162,Independent House,3,2.0,Suburban,1998,3,0,18920000.0
42039,Agricultural Land,0,0.0,Suburban,1950,0,0,6661000.0
3739,Villa,4,2.5,Suburban,2013,1,1,33822000.0
2588,Villa,4,1.5,Suburban,2006,1,1,25832000.0
1449,Apartment,3,3.0,Rural,1984,3,0,10335000.0
3348,Penthouse,3,4.0,Downtown,1954,1,1,29225000.0
159088,Agricultural Land,0,0.0,Rural,1950,0,0,17761000.0
2877,Penthouse,3,2.0,Downtown,1988,1,1,25951000.0
1777,Apartment,1,3.5,Downtown,1973,2,1,13996000.0
3749,Villa,3,1.0,Suburban,1989,1,0,32108000.0
1477,Apartment,3,3.0,Suburban,1999,3,1,12525000.0
1738,Apartment,1,1.5,Rural,2007,1,1,10408000.0
1358,Apartment,1,1.5,Suburban,1950,2,1,9840000.0
4939,Villa,3,1.5,Rural,1992,3,0,38911000.0
4292,Villa,5,1.5,Downtown,1988,3,1,38775000.0
1307,Apartment,2,1.5,Downtown,1959,3,0,11339000.0
2646,Independent House,4,3.5,Suburban,1951,2,1,21083000.0
2903,Independent House,4,3.0,Suburban,2012,3,1,23610000.0
2382,Independent House,2,1.0,Suburban,1965,2,1,18498000.0
744,Apartment,1,1.0,Suburban,1986,2,1,8097000.0
3322,Independent House,3,3.0,Downtown,1965,1,1,25696000.0
2008,Penthouse,4,2.0,Downtown,1976,3,1,21936000.0
1352,Apartment,2,1.5,Suburban,2012,1,1,10765000.0
1076,Apartment,2,2.0,Suburban,2013,1,1,9872000.0
2866,Independent House,4,2.0,Suburban,1981,2,1,22249000.0
162491,Agricultural Land,0,0.0,Suburban,1950,0,0,20002000.0
4975,Villa,4,1.5,Rural,1958,1,0,38690000.0
2898,Villa,5,2.5,Downtown,1960,1,0,29626000.0
2151,Independent House,2,2.5,Suburban,2019,1,0,17870000.0
2734,Independent House,3,1.0,Suburban,1979,3,1,20857000.0
1265,Apartment,1,3.5,Suburban,1964,1,1,10247000.0
2367,Villa,3,2.0,Suburban,2008,2,0,24391000.0
198774,Agricultural Land,0,0.0,Rural,1950,0,0,21877000.0
2330,Villa,5,1.5,Suburban,1997,3,1,24808000.0
179027,Agricultural Land,0,0.0,Downtown,1950,0,0,23634000.0
2480,Villa,4,1.5,Downtown,2025,2,0,26839000.0
622,Apartment,3,1.0,Suburban,2009,3,1,8371000.0
158238,Agricultural Land,0,0.0,Suburban,1950,0,0,20136000.0
1328,Apartment,1,2.0,Downtown,2017,3,0,12078000.0
2729,Independent House,3,1.0,Downtown,2006,3,1,22927000.0
743,Apartment,1,2.0,Suburban,2013,2,0,7800000.0
1267,Apartment,1,1.0,Suburban,2003,1,1,10930000.0
2612,Independent House,3,2.5,Downtown,2024,3,0,22714000.0
1280,Apartment,2,2.5,Suburban,2003,2,1,11106000.0
1972,Independent House,3,2.0,Suburban,2008,3,1,18423000.0
3132,Independent House,4,2.5,Rural,1988,1,1,21989000.0
1015,Apartment,3,3.5,Downtown,1964,3,0,12128000.0
1293,Apartment,1,2.5,Suburban,2023,2,1,11557000.0
1826,Independent House,3,2.0,Suburban,1977,3,1,16611000.0
896,Apartment,1,2.0,Downtown,1985,2,1,9925000.0
4983,Villa,3,3.0,Suburban,2003,1,1,41664000.0
3053,Villa,3,1.0,Downtown,1966,1,1,29563000.0
2619,Penthouse,3,1.5,Suburban,1971,3,1,23417000.0
4797,Villa,3,2.0,Suburban,2024,1,1,41048000.0
3425,Independent House,3,2.5,Downtown,1985,2,0,26137000.0
4268,Villa,5,2.5,Downtown,1978,3,1,38929000.0
704,Apartment,2,1.5,Suburban,2004,2,0,7912000.0
929,Apartment,2,1.0,Downtown,1991,3,0,9907000.0
1938,Penthouse,4,3.5,Suburban,1981,2,0,19588000.0
2155,Independent House,4,1.0,Suburban,1963,3,0,18131000.0
3390,Penthouse,3,1.0,Rural,1967,2,1,25918000.0
1881,Penthouse,3,2.0,Suburban,1987,2,1,19181000.0
205922,Agricultural Land,0,0.0,Suburban,1950,0,0,24565000.0
203525,Agricultural Land,0,0.0,Downtown,1950,0,0,26734000.0
1395,Independent House,3,3.0,Downtown,1983,3,1,16142000.0
1512,Apartment,3,2.5,Downtown,1994,2,1,14013000.0
1449,Independent House,2,3.5,Suburban,1981,1,0,14061000.0
2354,Independent House,4,1.0,Suburban,2016,2,0,19460000.0
3786,Villa,4,2.0,Suburban,2012,3,1,34351000.0
3108,Villa,4,1.5,Suburban,2004,1,1,29352000.0
3097,Villa,3,3.0,Suburban,1992,1,1,29099000.0
3067,Independent House,4,2.0,Downtown,1971,2,1,24390000.0
838,Apartment,3,1.0,Downtown,2017,2,1,10093000.0
2293,Independent House,2,2.5,Rural,1978,2,0,16653000.0
1017,Apartment,2,2.0,Suburban,1989,1,1,9157000.0
109785,Agricultural Land,0,0.0,Suburban,1950,0,0,14087000.0
1654,Apartment,2,2.0,Suburban,1994,1,0,12168000.0
1727,Apartment,3,3.0,Suburban,1959,1,1,13135000.0
785,Apartment,3,1.5,Downtown,1994,3,1,9923000.0
4999,Villa,5,1.5,Rural,1966,3,1,39018000.0
3033,Villa,5,1.5,Suburban,1951,2,1,28667000.0
852,Apartment,3,1.5,Downtown,1966,3,0,9529000.0
618,Apartment,2,1.0,Rural,1987,3,1,4930000.0
2159,Independent House,3,2.5,Suburban,1986,2,1,18316000.0
822,Apartment,2,1.5,Suburban,2012,2,0,8259000.0
1802,Villa,4,3.5,Downtown,1954,1,1,22028000.0
3059,Villa,3,1.5,Downtown,1974,1,1,29754000.0
1853,Independent House,3,1.5,Downtown,2022,2,1,18743000.0
827,Apartment,1,1.5,Downtown,1971,2,1,9175000.0
176382,Agricultural Land,0,0.0,Suburban,1950,0,0,21411000.0
1498,Independent House,3,2.5,Suburban,2012,3,1,15957000.0
4368,Villa,5,2.0,Suburban,1984,3,1,37869000.0
1301,Apartment,3,3.0,Rural,2004,3,1,9532000.0
2885,Independent House,4,2.5,Downtown,1969,2,1,24001000.0
1516,Apartment,1,3.5,Rural,1954,2,1,9944000.0
3015,Independent House,3,2.5,Rural,1988,1,0,21143000.0
50647,Agricultural Land,0,0.0,Suburban,1950,0,0,7030000.0
3338,Independent House,3,1.0,Downtown,2012,3,1,25770000.0
1676,Apartment,1,3.0,Suburban,1981,1,1,12282000.0
1733,Apartment,1,3.5,Suburban,2012,2,1,13500000.0
1714,Independent House,2,4.0,Suburban,2023,3,1,16589000.0
1547,Apartment,1,1.0,Downtown,1989,1,1,12140000.0
1247,Apartment,1,2.5,Suburban,1966,2,1,9771000.0
2527,Penthouse,4,1.5,Suburban,2022,1,1,23912000.0
1869,Independent House,4,1.5,Downtown,1981,3,1,18646000.0
1670,Apartment,2,2.5,Suburban,1972,1,1,12594000.0
178529,Agricultural Land,0,0.0,Downtown,1950,0,0,23923000.0
1159,Apartment,1,4.0,Suburban,2024,1,0,10041000.0
18845,Agricultural Land,0,0.0,Rural,1950,0,0,1701000.0
812,Apartment,3,2.0,Downtown,2009,2,0,9605000.0
186543,Agricultural Land,0,0.0,Suburban,1950,0,0,21908000.0
4355,Villa,3,3.0,Downtown,2005,3,1,39077000.0
2335,Penthouse,3,1.0,Suburban,1958,1,1,21346000.0
123590,Agricultural Land,0,0.0,Rural,1950,0,0,13815000.0
980,Apartment,1,1.0,Suburban,2018,2,0,9245000.0
92982,Agricultural Land,0,0.0,Rural,1950,0,0,10482000.0
2099,Independent House,3,2.0,Suburban,2011,3,1,18033000.0
1076,Independent House,2,2.0,Suburban,2013,2,0,12033000.0
1415,Apartment,1,3.0,Rural,1971,3,0,9012000.0
1767,Independent House,3,1.5,Downtown,1981,2,0,17065000.0
1009,Apartment,2,2.0,Downtown,1996,2,1,11049000.0
1105,Independent House,2,2.0,Suburban,1951,2,0,11631000.0
3135,Independent House,3,1.5,Suburban,2001,1,1,23433000.0
3246,Penthouse,4,3.5,Suburban,1963,1,0,27821000.0
2380,Penthouse,4,2.0,Downtown,1986,2,1,24063000.0
2465,Independent House,4,2.0,Rural,1976,3,1,17692000.0
1139,Apartment,2,3.0,Suburban,1973,2,0,10122000.0
844,Apartment,2,1.5,Rural,2013,1,0,6117000.0
1177,Apartment,1,3.0,Suburban,2019,3,1,10251000.0
1581,Apartment,1,1.0,Suburban,1975,1,0,11064000.0
1316,Apartment,3,1.5,Rural,2003,2,1,10075000.0
741,Apartment,1,3.5,Suburban,1964,1,1,7734000.0
149429,Agricultural Land,0,0.0,Rural,1950,0,0,16550000.0
3399,Independent House,3,3.0,Downtown,1978,1,1,26359000.0
1144,Apartment,2,2.0,Suburban,2023,1,1,11084000.0
3199,Independent House,3,2.5,Rural,1977,2,1,22013000.0
1781,Apartment,1,3.5,Rural,2008,1,1,11565000.0
2469,Independent House,3,1.5,Downtown,2022,2,1,21449000.0
4500,Villa,4,1.0,Downtown,1970,2,1,39166000.0
1762,Independent House,4,2.0,Suburban,1959,1,1,16423000.0
1623,Independent House,4,1.0,Rural,1953,3,0,12682000.0
174010,Agricultural Land,0,0.0,Suburban,1950,0,0,21365000.0
59508,Agricultural Land,0,0.0,Suburban,1950,0,0,8443000.0
1842,Villa,5,1.5,Suburban,2011,1,1,21403000.0
3311,Independent House,2,3.0,Downtown,1953,1,1,25071000.0
2826,Villa,4,1.0,Rural,1955,1,1,24204000.0
1195,Apartment,2,3.0,Suburban,2021,3,1,10923000.0
2012,Independent House,3,2.0,Suburban,1965,3,0,17236000.0
776,Apartment,3,2.0,Suburban,1987,2,1,8645000.0
3110,Independent House,3,2.5,Suburban,1998,3,1,23772000.0
1957,Independent House,3,2.0,Suburban,2010,3,1,18178000.0
1602,Apartment,2,1.0,Rural,2014,1,1,9910000.0
115125,Agricultural Land,0,0.0,Suburban,1950,0,0,15095000.0
75420,Agricultural Land,0,0.0,Suburban,1950,0,0,10340000.0
3621,Villa,4,1.0,Downtown,1999,2,1,33895000.0
2550,Independent House,3,2.5,Rural,1966,2,1,18420000.0
190758,Agricultural Land,0,0.0,Downtown,1950,0,0,25371000.0
1203,Apartment,1,1.5,Downtown,1977,3,1,10937000.0
3033,Penthouse,4,1.0,Downtown,1993,3,1,27485000.0
1205,Apartment,1,4.0,Suburban,1961,1,0,9706000.0
3260,Penthouse,4,4.0,Rural,2019,3,1,27119000.0
1429,Apartment,1,2.0,Suburban,2020,3,0,11648000.0
95342,Agricultural Land,0,0.0,Downtown,1950,0,0,15161000.0
32210,Agricultural Land,0,0.0,Downtown,1950,0,0,7475000.0
1345,Apartment,2,1.0,Suburban,2021,2,1,11365000.0
1557,Independent House,3,2.5,Downtown,1952,3,1,16159000.0
129369,Agricultural Land,0,0.0,Suburban,1950,0,0,16071000.0
1941,Independent House,3,3.0,Suburban,1998,1,1,17953000.0
95136,Agricultural Land,0,0.0,Rural,1950,0,0,10795000.0
2269,Independent House,3,1.0,Suburban,1970,2,1,18948000.0
1939,Independent House,4,1.0,Downtown,1957,2,1,17089000.0
756,Apartment,2,3.0,Rural,2013,3,0,7049000.0
1334,Apartment,1,3.5,Suburban,2008,1,0,10985000.0
3225,Penthouse,3,2.5,Rural,1979,2,1,25584000.0
1984,Independent House,4,1.5,Downtown,1981,1,1,18471000.0
2587,Independent House,3,2.0,Suburban,2024,1,1,21600000.0
2336,Independent House,2,2.5,Rural,1969,3,1,17042000.0
2874,Independent House,2,1.5,Downtown,1965,1,1,22556000.0
49301,Agricultural Land,0,0.0,Suburban,1950,0,0,7130000.0
120910,Agricultural Land,0,0.0,Downtown,1950,0,0,17588000.0
2816,Independent House,4,1.5,Suburban,1974,2,1,21999000.0
2057,Penthouse,3,1.5,Rural,2009,3,1,18997000.0
1572,Penthouse,4,2.0,Suburban,1994,2,1,18050000.0
2889,Independent House,3,2.0,Rural,1958,1,1,20187000.0
107521,Agricultural Land,0,0.0,Suburban,1950,0,0,13795000.0
1756,Apartment,2,3.0,Rural,2000,1,1,11177000.0
1678,Apartment,2,2.5,Suburban,2010,3,1,13565000.0
17134,Agricultural Land,0,0.0,Downtown,1950,0,0,6232000.0
2543,Independent House,3,3.5,Suburban,1989,3,1,20371000.0
1771,Penthouse,4,3.0,Suburban,2010,2,1,19360000.0
85862,Agricultural Land,0,0.0,Rural,1950,0,0,8989000.0
1227,Apartment,3,1.5,Suburban,2016,2,1,10862000.0
176443,Agricultural Land,0,0.0,Suburban,1950,0,0,21717000.0
2154,Independent House,3,1.5,Rural,2025,1,1,16371000.0
2125,Independent House,3,2.0,Rural,1964,3,1,16025000.0
2109,Villa,5,1.0,Suburban,2002,1,1,23074000.0
202851,Agricultural Land,0,0.0,Rural,1950,0,0,22517000.0
1094,Apartment,3,3.5,Suburban,1953,1,0,9612000.0
1337,Independent House,4,1.0,Downtown,1972,2,1,15512000.0
4426,Villa,3,1.5,Downtown,1976,2,1,38195000.0
1809,Villa,3,2.0,Rural,1986,2,1,18809000.0
1848,Villa,4,2.0,Downtown,1992,3,1,22983000.0
1222,Apartment,2,2.5,Suburban,1986,2,1,10354000.0
1330,Apartment,2,2.0,Rural,1978,3,1,9314000.0
1794,Independent House,2,1.5,Downtown,1978,1,1,16578000.0
2470,Penthouse,4,1.5,Rural,1998,3,1,21515000.0
732,Apartment,2,3.5,Rural,2024,2,1,6598000.0
682,Apartment,2,1.5,Rural,2000,3,0,5875000.0
82027,Agricultural Land,0,0.0,Downtown,1950,0,0,13992000.0
948,Apartment,1,1.5,Suburban,1999,3,1,8792000.0
81079,Agricultural Land,0,0.0,Rural,1950,0,0,8994000.0
3958,Villa,5,2.0,Downtown,1977,2,1,36996000.0
2368,Penthouse,3,1.0,Suburban,2023,2,1,22755000.0
1486,Apartment,2,2.0,Suburban,1954,1,1,11705000.0
675,Apartment,1,2.5,Downtown,2005,3,1,9164000.0
3756,Villa,5,2.5,Rural,2013,1,1,32449000.0
3166,Penthouse,3,2.5,Suburban,1966,1,0,26501000.0
2128,Villa,5,1.0,Downtown,2004,3,1,24647000.0
721,Apartment,3,2.0,Downtown,1958,1,0,8472000.0
1540,Penthouse,3,1.0,Downtown,2017,3,1,18372000.0
2690,Penthouse,3,1.0,Downtown,2022,1,1,25154000.0
4769,Villa,4,2.0,Suburban,1965,1,0,39195000.0
2141,Penthouse,4,1.5,Downtown,1965,3,0,21698000.0
2546,Penthouse,3,2.5,Suburban,1962,2,1,22793000.0
4126,Villa,4,2.5,Rural,2022,3,1,35062000.0
1362,Apartment,3,3.0,Suburban,2012,2,0,11900000.0
3056,Independent House,3,2.5,Downtown,1990,3,1,24692000.0
612,Apartment,1,1.0,Rural,2002,3,1,5259000.0
1923,Independent House,4,2.0,Downtown,2017,2,1,19159000.0
2842,Independent House,3,1.5,Rural,2023,2,1,20326000.0
1675,Apartment,2,2.0,Suburban,1958,3,1,12357000.0
1674,Apartment,1,1.5,Suburban,2000,3,0,11861000.0
1252,Apartment,3,1.0,Suburban,1997,3,0,11165000.0
3203,Penthouse,3,2.0,Suburban,1998,2,1,26858000.0
92726,Agricultural Land,0,0.0,Rural,1950,0,0,10305000.0
795,Apartment,3,2.5,Rural,1967,3,0,6329000.0
88893,Agricultural Land,0,0.0,Suburban,1950,0,0,11822000.0
2778,Independent House,4,2.5,Suburban,1959,2,1,21778000.0
747,Apartment,2,2.0,Rural,2003,1,0,5947000.0
1600,Apartment,1,2.0,Suburban,1964,2,0,11146000.0
2388,Independent House,2,2.0,Rural,1960,1,0,16318000.0
1863,Penthouse,3,2.5,Suburban,1989,3,1,19117000.0
3525,Villa,5,1.0,Suburban,1996,3,1,32362000.0
1001,Apartment,1,2.5,Downtown,1969,2,0,9769000.0
1205,Apartment,3,2.0,Downtown,1971,1,1,11635000.0
2515,Independent House,2,1.5,Suburban,1997,3,1,20127000.0
828,Apartment,1,1.0,Suburban,1965,3,1,8363000.0
1136,Apartment,2,1.0,Suburban,1954,1,0,8497000.0
867,Apartment,1,2.0,Suburban,2014,3,0,8601000.0
2928,Penthouse,4,2.5,Suburban,2023,3,1,25987000.0
91261,Agricultural Land,0,0.0,Rural,1950,0,0,10189000.0
2343,Independent House,3,1.5,Downtown,1970,2,1,20050000.0
12473,Agricultural Land,0,0.0,Suburban,1950,0,0,3217000.0
905,Apartment,2,2.0,Downtown,2010,3,1,10459000.0
2725,Independent House,4,3.5,Suburban,2004,1,1,22341000.0
1712,Apartment,1,1.5,Downtown,1973,3,0,13403000.0
4475,Villa,3,1.0,Suburban,1972,2,1,37290000.0
172847,Agricultural Land,0,0.0,Suburban,1950,0,0,20946000.0
4885,Villa,3,1.5,Downtown,1960,3,1,41241000.0
2280,Independent House,3,2.5,Suburban,1996,1,1,18555000.0
3032,Villa,3,2.5,Rural,1951,3,1,26715000.0
880,Apartment,3,2.0,Downtown,2019,1,1,10261000.0
102293,Agricultural Land,0,0.0,Suburban,1950,0,0,13068000.0
1836,Independent House,4,4.0,Suburban,2002,2,1,17688000.0
1388,Independent House,2,2.5,Suburban,1960,3,0,13474000.0
1616,Independent House,3,1.0,Downtown,1964,3,0,16377000.0
1946,Villa,5,2.5,Downtown,2022,2,1,23711000.0
1120,Apartment,3,1.0,Suburban,1961,1,1,9974000.0
2429,Villa,4,2.5,Downtown,1985,1,0,26107000.0
1033,Apartment,3,1.5,Downtown,1972,3,0,10975000.0
3991,Villa,4,2.5,Suburban,1976,1,1,34961000.0
1788,Penthouse,3,1.5,Suburban,1963,1,1,17823000.0
2909,Penthouse,4,3.0,Suburban,2003,3,1,26469000.0
1013,Independent House,4,1.5,Suburban,1976,1,1,11671000.0
1256,Independent House,2,2.5,Suburban,1970,1,0,12176000.0
1457,Apartment,3,1.5,Suburban,1998,3,1,12240000.0
2442,Penthouse,3,3.5,Downtown,2011,3,1,25025000.0
1795,Apartment,1,2.5,Suburban,2021,1,0,12462000.0
1463,Independent House,2,1.5,Suburban,1993,3,1,14730000.0
869,Apartment,1,3.5,Suburban,1993,1,1,8340000.0
1775,Apartment,1,2.0,Suburban,2010,1,0,12498000.0
4470,Villa,4,2.5,Suburban,1991,1,1,38285000.0
671,Apartment,2,2.5,Downtown,1972,1,1,8665000.0
3106,Villa,5,1.0,Downtown,2022,3,1,31382000.0
673,Apartment,3,3.5,Suburban,1950,3,0,8096000.0
954,Apartment,3,1.5,Suburban,1985,2,1,9806000.0
2750,Independent House,3,1.5,Downtown,2004,3,0,22737000.0
1096,Apartment,3,3.0,Rural,1965,2,0,7667000.0
1587,Apartment,3,2.5,Suburban,1967,1,1,11976000.0
4427,Villa,4,1.0,Suburban,1987,3,1,38165000.0
1509,Apartment,3,1.0,Suburban,2016,1,1,12380000.0
2970,Penthouse,4,2.5,Downtown,1969,2,1,27078000.0
972,Apartment,2,1.0,Suburban,1968,3,1,9307000.0
961,Apartment,2,3.5,Suburban,1962,3,1,10182000.0
3940,Villa,3,2.5,Downtown,1966,3,1,36273000.0
923,Apartment,1,1.5,Rural,1979,3,0,6186000.0
983,Apartment,2,2.0,Suburban,1992,1,1,9532000.0
1574,Independent House,3,2.0,Downtown,1997,3,1,16948000.0
1335,Apartment,1,2.0,Suburban,1992,2,1,10781000.0
2236,Penthouse,4,2.5,Downtown,2015,3,1,23890000.0
945,Apartment,3,4.0,Rural,2002,2,1,8438000.0
3372,Penthouse,3,2.0,Suburban,2021,2,1,29008000.0
10593,Agricultural Land,0,0.0,Suburban,1950,0,0,3339000.0
2215,Independent House,4,2.0,Suburban,1983,1,1,19005000.0
168686,Agricultural Land,0,0.0,Suburban,1950,0,0,20249000.0
1718,Independent House,3,1.5,Suburban,2023,3,0,16149000.0
104905,Agricultural Land,0,0.0,Suburban,1950,0,0,13315000.0
1263,Apartment,1,2.5,Suburban,2021,2,0,10948000.0
3572,Villa,5,2.5,Suburban,2020,3,1,33226000.0
1010,Independent House,2,2.5,Suburban,1962,1,1,10667000.0
3234,Independent House,2,1.0,Downtown,2005,1,1,24472000.0
4573,Villa,4,3.0,Downtown,2008,3,1,40902000.0
2838,Villa,5,1.5,Suburban,1981,2,0,27037000.0
1377,Apartment,1,2.5,Suburban,2003,1,0,10153000.0
1010,Apartment,2,2.5,Rural,1951,2,1,7384000.0
4803,Villa,4,2.5,Downtown,1986,2,0,41159000.0
2384,Villa,4,2.0,Suburban,1982,3,1,25281000.0
201747,Agricultural Land,0,0.0,Downtown,1950,0,0,26096000.0
2551,Penthouse,4,2.5,Rural,1950,1,0,20190000.0
103285,Agricultural Land,0,0.0,Rural,1950,0,0,11253000.0
3174,Villa,5,1.0,Downtown,1977,3,1,30969000.0
1588,Apartment,3,2.5,Suburban,1966,3,1,12301000.0
1342,Apartment,2,1.0,Suburban,2006,3,1,11231000.0
3276,Penthouse,3,2.0,Downtown,2019,2,1,29285000.0
4975,Villa,5,1.0,Suburban,2001,3,1,42564000.0
803,Apartment,1,3.0,Suburban,1993,1,1,8162000.0
2076,Independent House,3,2.0,Downtown,1996,2,1,19306000.0
217430,Agricultural Land,0,0.0,Suburban,1950,0,0,25519000.0
2398,Independent House,3,2.5,Downtown,1962,3,1,20636000.0
2865,Independent House,4,2.5,Suburban,2025,1,0,23073000.0
2299,Independent House,3,3.0,Rural,1979,3,1,17914000.0
1654,Apartment,2,1.0,Suburban,2015,3,1,13345000.0
2158,Independent House,3,2.5,Downtown,2002,3,1,20030000.0
1104,Independent House,4,2.0,Downtown,1967,2,0,13179000.0
852,Apartment,3,1.0,Suburban,1977,3,0,8379000.0
1794,Penthouse,3,1.5,Suburban,1953,1,1,17927000.0
2181,Independent House,2,1.5,Suburban,1991,3,1,18093000.0
2048,Penthouse,4,1.0,Downtown,1955,3,1,21432000.0
200714,Agricultural Land,0,0.0,Suburban,1950,0,0,24304000.0
898,Apartment,2,2.0,Rural,1958,2,0,5998000.0
3548,Villa,3,1.0,Rural,1969,3,1,30365000.0
2843,Independent House,4,2.0,Suburban,1987,1,0,22003000.0
173405,Agricultural Land,0,0.0,Suburban,1950,0,0,21482000.0
931,Apartment,1,1.5,Downtown,2017,1,1,10125000.0
4683,Villa,4,1.5,Suburban,1999,3,1,40649000.0
3574,Villa,4,3.5,Downtown,2009,1,1,33865000.0
992,Apartment,3,2.0,Suburban,1962,1,0,8801000.0
1473,Apartment,3,1.5,Suburban,1991,3,1,12034000.0
4228,Villa,3,2.0,Rural,2017,1,1,34691000.0
1891,Villa,5,1.5,Suburban,1974,1,1,21542000.0
1046,Apartment,1,1.0,Suburban,1980,3,1,9297000.0
1908,Villa,4,1.0,Rural,1961,2,1,19226000.0
1316,Independent House,3,3.5,Downtown,2013,2,1,15786000.0
3635,Villa,4,2.5,Rural,2010,3,1,31427000.0
1041,Apartment,2,2.5,Suburban,2002,2,0,9786000.0
25947,Agricultural Land,0,0.0,Rural,1950,0,0,3899000.0
1272,Apartment,2,4.0,Downtown,1975,2,0,12007000.0
2551,Independent House,2,3.5,Downtown,2010,2,1,21592000.0
877,Apartment,2,2.5,Suburban,1959,2,1,8454000.0
1608,Apartment,1,2.5,Rural,1961,3,1,9888000.0
1568,Independent House,3,1.5,Downtown,1971,2,1,15735000.0
1609,Apartment,1,1.0,Downtown,2002,2,0,12884000.0
2374,Penthouse,3,2.0,Downtown,1970,3,1,23674000.0
1065,Apartment,1,2.0,Rural,1984,3,1,7180000.0
1838,Independent House,4,3.5,Suburban,2020,2,1,17216000.0
1353,Apartment,1,2.0,Suburban,1976,1,1,11199000.0
1437,Apartment,1,2.5,Downtown,2009,3,1,12699000.0
629,Apartment,2,2.0,Suburban,1996,3,0,8095000.0
3406,Independent House,2,1.5,Downtown,2015,2,1,26516000.0
2942,Independent House,2,2.0,Suburban,1964,1,1,21668000.0
3133,Independent House,4,2.0,Suburban,1973,3,1,23871000.0
2257,Independent House,3,2.0,Suburban,1959,3,1,18590000.0
3360,Independent House,4,2.0,Rural,1973,3,1,23223000.0
964,Apartment,3,1.5,Suburban,2006,1,1,9710000.0
2800,Independent House,4,2.0,Suburban,1983,3,1,21978000.0
214479,Agricultural Land,0,0.0,Suburban,1950,0,0,25977000.0
1904,Independent House,2,2.5,Downtown,1990,3,1,17985000.0
2497,Villa,5,2.0,Rural,1989,1,0,23010000.0
730,Apartment,3,2.0,Downtown,1960,3,1,9630000.0
2302,Penthouse,4,1.0,Rural,1950,1,1,19983000.0
2288,Penthouse,4,1.5,Downtown,1979,1,0,22299000.0
2855,Independent House,3,1.5,Downtown,1992,1,1,23170000.0
128232,Agricultural Land,0,0.0,Suburban,1950,0,0,16148000.0
1786,Apartment,2,2.0,Rural,1975,2,1,11638000.0
1719,Apartment,3,2.0,Rural,2002,3,0,11044000.0
2273,Penthouse,4,3.0,Downtown,1996,3,1,24021000.0
2009,Penthouse,4,1.5,Downtown,1958,3,0,20598000.0
964,Apartment,1,1.0,Suburban,1958,1,1,8190000.0
1580,Apartment,3,2.0,Suburban,1950,2,1,12355000.0
952,Apartment,2,2.0,Suburban,2020,1,0,9411000.0
1399,Apartment,3,2.0,Suburban,1993,3,1,11571000.0
2959,Penthouse,4,3.0,Suburban,2008,1,0,25496000.0
2106,Independent House,4,3.0,Suburban,2005,2,1,18834000.0
1011,Apartment,2,1.0,Suburban,2000,3,1,9432000.0
1734,Independent House,2,3.5,Rural,1965,1,1,13166000.0
1580,Apartment,2,1.0,Downtown,1987,2,1,12786000.0
717,Apartment,3,2.5,Downtown,1960,1,1,9093000.0
2281,Villa,5,2.5,Suburban,1974,1,1,24802000.0
65238,Agricultural Land,0,0.0,Downtown,1950,0,0,11107000.0
2089,Penthouse,4,2.5,Downtown,2008,3,1,22922000.0
1258,Apartment,1,1.5,Rural,1978,2,1,7658000.0
117087,Agricultural Land,0,0.0,Suburban,1950,0,0,14653000.0
2282,Penthouse,3,1.5,Suburban,1989,1,1,20925000.0
1889,Penthouse,3,2.0,Suburban,1957,2,1,19620000.0
1243,Independent House,4,1.5,Suburban,1955,3,1,13658000.0
1467,Independent House,4,1.0,Rural,1994,3,1,13157000.0
1465,Apartment,1,2.0,Downtown,2002,3,1,13101000.0
1533,Apartment,3,2.0,Suburban,1970,2,0,11606000.0
1203,Apartment,3,2.5,Suburban,2006,2,1,11132000.0
1614,Apartment,1,1.0,Suburban,2025,1,0,11434000.0
2096,Independent House,3,3.0,Suburban,1955,2,0,18396000.0
3815,Villa,3,1.0,Rural,2012,3,0,31404000.0
2658,Independent House,4,3.0,Suburban,1955,1,0,20571000.0
1459,Apartment,2,2.0,Suburban,2002,2,0,12008000.0
66405,Agricultural Land,0,0.0,Suburban,1950,0,0,9273000.0
197928,Agricultural Land,0,0.0,Rural,1950,0,0,22153000.0
1798,Penthouse,4,2.0,Suburban,1953,3,1,18900000.0
194137,Agricultural Land,0,0.0,Suburban,1950,0,0,23148000.0
1786,Independent House,3,3.0,Suburban,1958,3,1,16212000.0
177600,Agricultural Land,0,0.0,Downtown,1950,0,0,24095000.0
721,Apartment,2,1.5,Downtown,2018,1,0,9120000.0
2303,Independent House,2,1.5,Rural,2023,3,1,17678000.0
1137,Apartment,2,2.0,Suburban,2021,2,1,10867000.0
1779,Apartment,2,1.5,Downtown,1953,3,1,14223000.0
975,Apartment,2,2.0,Rural,2007,1,0,7378000.0
1881,Villa,5,1.5,Suburban,1986,3,0,21845000.0
1991,Penthouse,4,3.0,Suburban,2020,3,1,21250000.0
3403,Independent House,2,2.5,Downtown,1955,2,0,25404000.0
1524,Apartment,1,1.0,Rural,2000,2,1,9008000.0
2796,Penthouse,3,3.0,Suburban,1999,2,1,24974000.0
3403,Villa,4,1.5,Suburban,1963,2,1,31485000.0
2596,Independent House,4,1.5,Downtown,1960,3,1,22160000.0
1922,Villa,5,2.0,Suburban,1959,2,0,21430000.0
1307,Apartment,2,2.5,Downtown,2010,3,1,13079000.0
929,Apartment,2,2.0,Rural,1962,2,1,6669000.0
108655,Agricultural Land,0,0.0,Downtown,1950,0,0,16464000.0
922,Apartment,1,2.5,Suburban,1983,2,1,9196000.0
3040,Independent House,3,1.0,Downtown,2009,2,1,24610000.0
39015,Agricultural Land,0,0.0,Downtown,1950,0,0,8910000.0
2509,Villa,5,4.0,Suburban,2000,3,0,26700000.0
1393,Apartment,3,2.5,Suburban,1954,2,1,10838000.0
1311,Apartment,2,1.5,Suburban,2023,3,1,11837000.0
1722,Apartment,1,2.5,Rural,1981,2,0,10553000.0
4386,Villa,5,2.0,Rural,1961,2,0,35500000.0
2717,Independent House,3,1.0,Downtown,2001,1,1,22179000.0
856,Apartment,1,1.5,Rural,1962,2,1,6015000.0
45597,Agricultural Land,0,0.0,Suburban,1950,0,0,6656000.0
1870,Independent House,2,1.0,Rural,2003,3,0,14554000.0
1498,Apartment,3,3.0,Downtown,2003,1,0,13281000.0
2731,Independent House,4,2.0,Rural,1990,3,1,19831000.0
2608,Villa,3,1.5,Downtown,1997,3,0,27240000.0
1276,Apartment,1,1.0,Suburban,2000,1,1,10267000.0
870,Apartment,1,2.0,Downtown,1996,2,1,10023000.0
3043,Penthouse,4,2.0,Downtown,1999,1,1,27361000.0
1549,Independent House,4,2.5,Suburban,2025,3,1,16366000.0
2137,Independent House,2,4.0,Rural,1995,2,0,16729000.0
1567,Independent House,4,2.0,Suburban,1987,1,1,15250000.0
1585,Apartment,3,2.0,Downtown,1962,3,1,13670000.0
958,Apartment,3,2.0,Downtown,2025,2,1,10831000.0
2673,Independent House,2,3.0,Suburban,1971,3,0,20828000.0
1792,Apartment,2,1.5,Rural,1951,2,1,10382000.0
1397,Apartment,1,1.5,Downtown,1962,2,1,12125000.0
2784,Penthouse,3,2.5,Suburban,2006,1,1,25579000.0
61562,Agricultural Land,0,0.0,Downtown,1950,0,0,11807000.0
2722,Penthouse,3,1.0,Suburban,1983,2,1,23771000.0
167684,Agricultural Land,0,0.0,Downtown,1950,0,0,22524000.0
1342,Apartment,1,1.5,Downtown,1968,3,1,11964000.0
104122,Agricultural Land,0,0.0,Downtown,1950,0,0,15684000.0
1646,Apartment,3,2.5,Downtown,1958,2,0,13576000.0
64582,Agricultural Land,0,0.0,Downtown,1950,0,0,12140000.0
115161,Agricultural Land,0,0.0,Suburban,1950,0,0,14343000.0
4397,Villa,5,1.5,Downtown,1982,3,1,39569000.0
172142,Agricultural Land,0,0.0,Downtown,1950,0,0,23350000.0
1794,Independent House,2,1.5,Downtown,1976,2,1,17269000.0
802,Apartment,1,2.0,Rural,1994,2,0,5669000.0
1324,Independent House,2,2.0,Suburban,1951,1,1,13239000.0
3291,Independent House,2,1.0,Suburban,2006,2,1,24301000.0
926,Apartment,2,3.5,Suburban,2006,2,1,9443000.0
2786,Villa,3,1.0,Downtown,1965,3,0,27635000.0
123424,Agricultural Land,0,0.0,Downtown,1950,0,0,18177000.0
1636,Apartment,2,2.5,Suburban,1955,3,1,13063000.0
2406,Penthouse,4,1.0,Suburban,1963,3,1,22337000.0
121777,Agricultural Land,0,0.0,Rural,1950,0,0,14230000.0
211102,Agricultural Land,0,0.0,Rural,1950,0,0,23794000.0
62067,Agricultural Land,0,0.0,Suburban,1950,0,0,8674000.0
2244,Independent House,4,2.0,Suburban,1976,2,0,18935000.0
188386,Agricultural Land,0,0.0,Downtown,1950,0,0,25284000.0
3295,Penthouse,4,1.5,Downtown,1987,3,0,29017000.0
1669,Apartment,3,1.0,Rural,1968,3,1,10534000.0
1273,Independent House,3,1.0,Downtown,1986,2,0,14093000.0
4055,Villa,5,2.0,Rural,1953,3,0,33427000.0
723,Apartment,1,2.0,Suburban,2007,1,1,7887000.0
4881,Villa,4,1.0,Suburban,1958,1,1,40927000.0
3152,Villa,4,4.0,Downtown,1989,3,1,31894000.0
1142,Apartment,3,1.5,Suburban,1964,3,1,10817000.0
2691,Independent House,4,2.0,Suburban,1953,3,1,21607000.0
1559,Penthouse,4,1.5,Suburban,2001,2,1,18609000.0
1441,Independent House,4,2.0,Downtown,1967,1,1,15285000.0
1510,Apartment,1,2.5,Downtown,2002,1,1,12227000.0
1625,Apartment,2,2.0,Suburban,2008,3,1,12978000.0
2559,Independent House,2,1.5,Suburban,2003,3,1,20605000.0
171707,Agricultural Land,0,0.0,Suburban,1950,0,0,21361000.0
1607,Apartment,2,1.5,Suburban,1990,2,1,12840000.0
3534,Villa,3,2.5,Suburban,2009,2,0,31586000.0
1225,Apartment,2,1.0,Suburban,1953,1,1,9614000.0
1788,Apartment,3,2.0,Downtown,1988,2,1,14830000.0
2497,Penthouse,4,1.5,Suburban,1956,1,1,22283000.0
4581,Villa,3,1.5,Downtown,1972,3,0,39524000.0
690,Apartment,2,1.5,Downtown,2012,3,1,9858000.0
3214,Independent House,2,3.0,Downtown,2014,1,0,25444000.0
1558,Apartment,1,2.5,Suburban,1990,3,1,12246000.0
1206,Independent House,2,2.0,Downtown,1993,2,1,14558000.0
2888,Villa,5,1.5,Downtown,1994,3,1,29930000.0
1115,Apartment,2,2.0,Suburban,2018,3,1,10952000.0
1780,Apartment,1,2.0,Downtown,2000,1,1,13742000.0
2792,Independent House,4,2.0,Suburban,2014,2,0,21992000.0
182926,Agricultural Land,0,0.0,Suburban,1950,0,0,22745000.0
203039,Agricultural Land,0,0.0,Rural,1950,0,0,22388000.0
994,Apartment,1,1.0,Downtown,2003,2,1,10511000.0
2597,Penthouse,4,4.0,Downtown,2005,3,1,25884000.0
1186,Independent House,3,2.0,Suburban,2021,3,1,13742000.0
2597,Independent House,4,3.5,Suburban,1989,2,0,21186000.0
2860,Penthouse,4,1.0,Downtown,2007,2,1,26909000.0
19272,Agricultural Land,0,0.0,Suburban,1950,0,0,4333000.0
17887,Agricultural Land,0,0.0,Suburban,1950,0,0,3769000.0
1239,Independent House,2,1.5,Downtown,1964,1,1,13782000.0
1140,Independent House,2,1.0,Suburban,1968,3,0,11493000.0
2788,Penthouse,3,2.5,Downtown,1959,3,1,26429000.0
738,Apartment,2,1.5,Rural,1965,2,0,5605000.0
1069,Independent House,4,3.0,Suburban,1992,1,0,11625000.0
1384,Independent House,4,3.0,Downtown,1980,2,1,15429000.0
2429,Villa,5,2.5,Suburban,1965,3,1,25749000.0
797,Apartment,1,2.5,Rural,1977,3,1,6613000.0
804,Apartment,3,2.5,Suburban,2011,3,1,9349000.0
77036,Agricultural Land,0,0.0,Suburban,1950,0,0,10521000.0
1581,Apartment,1,2.5,Suburban,1969,3,1,12209000.0
1804,Independent House,3,2.0,Suburban,1984,1,1,16573000.0
1458,Apartment,3,2.5,Downtown,2008,3,1,14042000.0
1481,Apartment,1,3.0,Downtown,1958,2,1,12337000.0
1573,Apartment,3,1.5,Suburban,1959,1,1,12293000.0
1239,Apartment,3,3.5,Suburban,1994,1,1,10548000.0
82937,Agricultural Land,0,0.0,Downtown,1950,0,0,13339000.0
924,Apartment,2,1.0,Suburban,1964,3,1,8939000.0
35089,Agricultural Land,0,0.0,Suburban,1950,0,0,5498000.0
3335,Independent House,4,1.5,Suburban,1979,1,0,24482000.0
1225,Independent House,3,1.0,Downtown,1997,3,0,14367000.0
2087,Independent House,4,1.0,Suburban,1989,1,1,17664000.0
1966,Independent House,4,3.0,Suburban,2023,1,0,17896000.0
2437,Penthouse,3,3.5,Suburban,1993,2,0,22396000.0
1159,Apartment,3,2.5,Downtown,1995,2,1,12280000.0
1713,Independent House,4,4.0,Suburban,1955,2,0,16242000.0
191665,Agricultural Land,0,0.0,Rural,1950,0,0,21505000.0
71742,Agricultural Land,0,0.0,Suburban,1950,0,0,9871000.0
28482,Agricultural Land,0,0.0,Downtown,1950,0,0,6933000.0
1256,Independent House,4,1.5,Suburban,1973,1,1,13219000.0
2076,Penthouse,4,1.0,Downtown,2022,2,1,22688000.0
3286,Independent House,3,2.0,Downtown,1956,2,0,25400000.0
1037,Independent House,2,3.0,Downtown,1955,2,0,13137000.0
624,Apartment,3,1.0,Downtown,1982,1,0,8396000.0
1409,Independent House,3,4.0,Suburban,1987,3,1,14736000.0
1060,Apartment,3,2.5,Downtown,1993,2,1,11655000.0
1587,Apartment,3,4.0,Rural,1966,1,1,10602000.0
138879,Agricultural Land,0,0.0,Suburban,1950,0,0,17109000.0
982,Apartment,2,2.0,Suburban,1980,1,1,8553000.0
1781,Apartment,3,2.0,Suburban,1986,3,1,13831000.0
1168,Apartment,2,2.5,Suburban,1960,2,1,10333000.0
122640,Agricultural Land,0,0.0,Suburban,1950,0,0,15141000.0
1432,Independent House,3,2.5,Suburban,1954,1,0,14046000.0
1055,Independent House,2,1.5,Rural,2013,1,1,10008000.0
2076,Penthouse,3,3.5,Suburban,2025,1,1,21114000.0
1767,Penthouse,3,3.0,Suburban,1952,3,0,17960000.0
668,Apartment,1,1.0,Suburban,2005,2,1,7625000.0
3551,Villa,5,1.0,Suburban,2012,1,0,31980000.0
2401,Penthouse,3,2.0,Downtown,1987,1,1,23114000.0
3424,Villa,3,2.0,Downtown,2003,1,0,31640000.0
1392,Apartment,2,2.5,Rural,1951,1,0,9329000.0
143108,Agricultural Land,0,0.0,Downtown,1950,0,0,20027000.0
1489,Independent House,3,1.0,Rural,1951,2,1,11819000.0
1345,Apartment,2,2.5,Downtown,1961,2,1,12100000.0
3096,Independent House,3,2.5,Suburban,1989,1,1,23320000.0
915,Apartment,3,1.5,Suburban,1951,1,1,8575000.0
1012,Apartment,2,2.0,Downtown,2006,1,1,10841000.0
1933,Penthouse,4,1.5,Suburban,1996,3,1,20003000.0
1625,Apartment,1,1.0,Suburban,1985,3,0,11757000.0
2975,Independent House,3,2.0,Suburban,1953,3,0,23048000.0
2979,Independent House,4,4.0,Suburban,2024,1,1,23422000.0
1019,Apartment,2,1.5,Downtown,1973,3,1,10301000.0
86814,Agricultural Land,0,0.0,Suburban,1950,0,0,11698000.0
1443,Apartment,2,2.0,Downtown,2011,2,1,13469000.0
1515,Apartment,3,1.5,Suburban,1951,3,1,12807000.0
1033,Apartment,1,1.5,Rural,1964,1,0,6476000.0
1242,Apartment,3,2.0,Suburban,2024,2,1,11034000.0
656,Apartment,1,2.5,Suburban,1998,1,1,7951000.0
2763,Villa,4,1.0,Suburban,1984,2,1,27055000.0
92847,Agricultural Land,0,0.0,Downtown,1950,0,0,14539000.0
645,Apartment,1,3.5,Suburban,1996,3,1,7490000.0
2993,Villa,3,1.0,Suburban,1973,3,1,28581000.0
2216,Villa,3,3.0,Downtown,2009,2,1,24836000.0
2347,Penthouse,4,3.0,Rural,1997,2,1,20966000.0
3186,Independent House,2,2.0,Suburban,1972,1,0,23007000.0
846,Apartment,1,1.0,Downtown,1961,2,1,9053000.0
1771,Apartment,2,2.0,Suburban,1990,1,1,12996000.0
2029,Villa,5,2.5,Suburban,1978,2,1,22673000.0
2291,Penthouse,4,3.0,Downtown,2019,2,1,23672000.0
1236,Apartment,3,2.0,Suburban,2000,3,1,11567000.0
3421,Independent House,4,2.0,Rural,1972,3,0,23375000.0
135592,Agricultural Land,0,0.0,Suburban,1950,0,0,16719000.0
2237,Penthouse,4,3.0,Rural,1980,1,1,19578000.0
101282,Agricultural Land,0,0.0,Rural,1950,0,0,11547000.0
2611,Penthouse,4,4.0,Rural,1970,1,1,21903000.0
1712,Independent House,4,2.5,Downtown,1973,1,1,17696000.0
2749,Independent House,2,3.0,Suburban,2021,2,1,21875000.0
3027,Villa,5,2.0,Downtown,1958,2,1,30117000.0
1200,Apartment,2,2.5,Suburban,1971,1,1,10322000.0
2499,Independent House,2,2.5,Rural,1953,2,1,17520000.0
4386,Villa,3,2.5,Downtown,1952,3,0,38423000.0
813,Apartment,2,1.5,Suburban,1977,2,1,8285000.0
1573,Penthouse,3,2.0,Suburban,1964,3,1,16835000.0
3108,Independent House,4,2.0,Downtown,1957,1,1,24258000.0
163050,Agricultural Land,0,0.0,Downtown,1950,0,0,22323000.0
611,Apartment,2,1.5,Suburban,1997,2,1,7436000.0
1413,Apartment,2,1.5,Downtown,2001,1,1,13087000.0
3879,Villa,4,2.5,Suburban,2004,3,1,34850000.0
1783,Apartment,2,2.0,Suburban,1986,1,1,12598000.0
2800,Villa,3,1.0,Suburban,1953,3,1,26748000.0
1736,Penthouse,4,3.0,Downtown,2004,3,1,20689000.0
1157,Apartment,2,3.0,Suburban,1961,1,1,10201000.0
2481,Independent House,2,2.0,Downtown,1968,3,1,20210000.0
2103,Independent House,3,1.5,Rural,2006,1,1,16416000.0
1646,Independent House,2,3.5,Suburban,1986,1,1,14967000.0
201488,Agricultural Land,0,0.0,Rural,1950,0,0,22690000.0
2319,Penthouse,3,3.0,Suburban,2025,1,0,22701000.0
2272,Villa,4,1.5,Suburban,1956,3,1,24039000.0
1911,Villa,5,1.0,Suburban,2004,3,1,21925000.0
2845,Independent House,3,2.0,Downtown,1977,2,1,23164000.0
81851,Agricultural Land,0,0.0,Suburban,1950,0,0,11230000.0
1816,Villa,5,2.5,Downtown,1986,1,1,22621000.0
2292,Villa,3,1.5,Rural,2010,1,1,21528000.0
35513,Agricultural Land,0,0.0,Suburban,1950,0,0,5936000.0
716,Apartment,3,2.0,Rural,2024,1,0,6220000.0
3078,Penthouse,4,2.0,Suburban,1988,1,1,26805000.0
1479,Apartment,2,3.0,Downtown,1972,1,1,12495000.0
714,Apartment,3,2.0,Suburban,2001,1,0,7509000.0
1413,Apartment,2,2.0,Downtown,1960,1,1,11797000.0
17535,Agricultural Land,0,0.0,Downtown,1950,0,0,5717000.0
112481,Agricultural Land,0,0.0,Downtown,1950,0,0,16484000.0
2135,Villa,5,3.5,Rural,2015,2,1,22484000.0
4769,Villa,3,1.5,Suburban,1962,2,0,39149000.0
1146,Independent House,4,1.5,Suburban,1990,1,0,12551000.0
214648,Agricultural Land,0,0.0,Downtown,1950,0,0,27610000.0
3422,Independent House,4,2.5,Suburban,1998,1,1,25728000.0
3110,Independent House,4,1.5,Suburban,1964,2,1,23261000.0
1103,Apartment,3,3.0,Suburban,2005,2,1,10398000.0
2167,Penthouse,3,1.0,Downtown,2003,1,1,21870000.0
4296,Villa,3,1.0,Suburban,1980,1,0,35881000.0
2444,Independent House,2,3.5,Suburban,2010,2,0,19093000.0
1279,Apartment,3,2.0,Downtown,2007,2,0,12249000.0
2689,Penthouse,4,2.5,Rural,2009,1,1,22375000.0
1060,Apartment,1,1.5,Downtown,2002,2,1,10324000.0
2258,Villa,4,1.5,Suburban,2010,1,1,24391000.0
48245,Agricultural Land,0,0.0,Downtown,1950,0,0,9863000.0
1911,Independent House,2,3.0,Downtown,1991,3,0,18165000.0
978,Apartment,3,2.0,Rural,1978,1,0,7098000.0
2825,Villa,4,2.0,Rural,1976,1,1,25556000.0
3141,Penthouse,3,1.0,Suburban,1993,1,1,26344000.0
3411,Independent House,3,2.0,Rural,1954,2,1,22882000.0
71032,Agricultural Land,0,0.0,Rural,1950,0,0,7892000.0
1237,Apartment,3,2.5,Suburban,2001,1,0,10758000.0
2193,Independent House,4,3.0,Rural,2002,1,1,17221000.0
3648,Villa,4,2.5,Suburban,2001,2,1,33416000.0
63707,Agricultural Land,0,0.0,Suburban,1950,0,0,8898000.0
794,Apartment,1,2.5,Suburban,1987,3,1,8637000.0
3193,Penthouse,4,2.0,Downtown,1993,3,0,28613000.0
2011,Independent House,3,2.0,Rural,2002,2,0,15366000.0
1652,Independent House,3,2.5,Downtown,1951,1,1,15727000.0
606,Apartment,2,1.5,Rural,2003,3,0,5264000.0
27367,Agricultural Land,0,0.0,Suburban,1950,0,0,5270000.0
1165,Apartment,2,1.5,Suburban,1984,3,1,10510000.0
1215,Apartment,2,3.5,Downtown,1995,2,0,11840000.0
1172,Apartment,3,1.0,Rural,2021,3,0,8510000.0
126041,Agricultural Land,0,0.0,Downtown,1950,0,0,18210000.0
4089,Villa,5,1.0,Suburban,2004,3,1,35708000.0
2726,Penthouse,3,2.0,Suburban,2021,2,1,24800000.0
1703,Apartment,1,2.5,Downtown,1960,3,0,12995000.0
3240,Villa,4,2.0,Rural,1978,1,0,27769000.0
1765,Independent House,2,2.0,Downtown,2018,2,1,17487000.0
1883,Penthouse,3,4.0,Suburban,2012,1,1,19787000.0
159631,Agricultural Land,0,0.0,Suburban,1950,0,0,19783000.0
1287,Apartment,2,2.5,Downtown,1996,1,1,11865000.0
2949,Villa,5,3.0,Downtown,1956,2,1,29722000.0
646,Apartment,3,1.0,Suburban,2013,3,1,8544000.0
2972,Independent House,2,1.5,Rural,2013,2,1,20569000.0
1218,Apartment,3,2.0,Downtown,1961,3,1,12332000.0
1063,Apartment,3,1.5,Downtown,1961,1,1,10663000.0
2872,Independent House,2,1.0,Rural,1985,3,1,20031000.0
1922,Villa,4,1.5,Downtown,1978,1,1,22883000.0
733,Apartment,1,2.0,Suburban,1960,1,1,7267000.0
3442,Villa,3,2.5,Suburban,2002,1,1,31014000.0
1840,Independent House,2,2.5,Downtown,2019,2,1,18161000.0
1448,Apartment,2,1.0,Suburban,2023,3,1,12334000.0
2106,Penthouse,4,2.0,Rural,1996,3,1,19208000.0
622,Apartment,2,1.0,Suburban,1982,3,1,7817000.0
1565,Independent House,3,2.0,Suburban,2016,1,1,14899000.0
3709,Villa,4,2.0,Suburban,1992,2,0,33257000.0
1365,Apartment,1,2.0,Suburban,1967,3,1,10720000.0
1564,Apartment,3,3.0,Downtown,2023,3,1,14110000.0
3282,Independent House,2,3.0,Suburban,2002,2,1,24744000.0
54045,Agricultural Land,0,0.0,Suburban,1950,0,0,7679000.0
2987,Villa,4,2.5,Downtown,1988,3,1,30409000.0
3594,Villa,5,3.0,Rural,2021,2,0,31114000.0
2625,Villa,3,2.5,Suburban,1983,2,0,25331000.0
815,Apartment,3,3.0,Rural,1986,3,0,6830000.0
1656,Independent House,3,2.0,Downtown,1990,2,0,16849000.0
2434,Penthouse,3,2.0,Rural,1998,2,1,20682000.0
1713,Apartment,3,2.5,Suburban,1959,3,1,13216000.0
910,Apartment,2,1.0,Rural,1989,1,1,6628000.0
1156,Apartment,3,2.5,Rural,1967,3,1,8658000.0
3304,Independent House,2,3.5,Rural,1974,3,1,23297000.0
181237,Agricultural Land,0,0.0,Rural,1950,0,0,20124000.0
651,Apartment,3,2.5,Downtown,1990,1,0,8408000.0
2361,Independent House,2,1.0,Suburban,1985,2,1,18744000.0
1794,Apartment,3,2.0,Downtown,1951,3,0,14294000.0
72433,Agricultural Land,0,0.0,Suburban,1950,0,0,9589000.0
899,Apartment,3,3.0,Rural,2023,1,1,7720000.0
1671,Independent House,3,3.5,Downtown,1998,1,1,17124000.0
2577,Villa,4,2.0,Suburban,2016,3,1,27175000.0
2631,Villa,3,3.0,Suburban,2002,3,0,26222000.0
3279,Independent House,3,3.0,Downtown,1968,1,1,25835000.0
1574,Apartment,2,1.0,Downtown,1975,3,1,13161000.0
2860,Independent House,3,3.0,Downtown,2003,1,1,23924000.0
1691,Apartment,2,1.5,Downtown,2000,3,1,14611000.0
627,Apartment,2,2.0,Suburban,1974,1,0,7112000.0
2972,Independent House,2,2.0,Suburban,1966,3,1,22421000.0
1674,Apartment,1,2.5,Downtown,2023,3,1,14631000.0
1190,Apartment,2,2.5,Rural,2010,3,1,8518000.0
4632,Villa,4,2.0,Suburban,1995,2,1,39600000.0
162230,Agricultural Land,0,0.0,Suburban,1950,0,0,19471000.0
4433,Villa,3,3.0,Downtown,2004,3,0,39602000.0
1601,Apartment,3,3.0,Suburban,1999,1,1,12902000.0
783,Apartment,1,2.5,Suburban,2024,1,1,8400000.0
155699,Agricultural Land,0,0.0,Suburban,1950,0,0,19016000.0
728,Apartment,3,2.0,Suburban,1960,2,1,8367000.0
890,Apartment,2,1.0,Downtown,1961,2,1,9018000.0
2855,Independent House,3,2.0,Rural,1989,2,1,20791000.0
2300,Villa,3,3.0,Suburban,1997,3,1,24471000.0
4033,Villa,4,1.5,Suburban,2005,3,1,35460000.0
1078,Apartment,3,4.0,Rural,1957,1,1,7320000.0
1091,Apartment,3,3.0,Suburban,1963,1,1,9942000.0
184962,Agricultural Land,0,0.0,Suburban,1950,0,0,22415000.0
1690,Apartment,1,2.5,Suburban,2005,3,1,13039000.0
4314,Villa,5,2.5,Downtown,2003,1,1,38617000.0
4132,Villa,3,2.0,Rural,1966,3,1,33431000.0
2400,Villa,3,2.5,Suburban,1994,2,1,25210000.0
1723,Apartment,3,2.0,Suburban,1954,3,0,12303000.0
788,Apartment,3,3.0,Rural,1952,3,0,6540000.0
1988,Independent House,4,2.5,Suburban,1958,3,0,17339000.0
142374,Agricultural Land,0,0.0,Suburban,1950,0,0,17500000.0
24423,Agricultural Land,0,0.0,Rural,1950,0,0,2804000.0
1016,Apartment,3,2.5,Downtown,1969,1,1,10618000.0
775,Apartment,3,2.5,Downtown,1970,3,1,9863000.0
156735,Agricultural Land,0,0.0,Downtown,1950,0,0,21840000.0
2652,Villa,5,1.0,Rural,1982,3,1,24701000.0
167745,Agricultural Land,0,0.0,Downtown,1950,0,0,22386000.0
1051,Apartment,3,1.0,Suburban,1954,3,1,9568000.0
3324,Independent House,3,3.0,Downtown,1973,2,1,25740000.0
3558,Villa,3,1.5,Suburban,2012,3,0,31870000.0
2012,Villa,3,2.0,Suburban,1975,3,1,22565000.0
1040,Independent House,4,2.0,Rural,1982,3,0,10349000.0
1745,Apartment,1,1.0,Suburban,1967,1,1,11597000.0
3341,Independent House,4,1.0,Suburban,1967,2,1,24699000.0
1199,Apartment,2,3.0,Suburban,1987,2,1,10668000.0
3024,Independent House,2,2.5,Suburban,1982,3,1,22979000.0
28364,Agricultural Land,0,0.0,Rural,1950,0,0,3173000.0
2782,Independent House,2,2.0,Suburban,1976,3,0,20797000.0
3351,Penthouse,4,3.5,Suburban,1998,1,1,28632000.0
1050,Apartment,2,1.5,Rural,1999,3,0,7365000.0
3579,Villa,4,1.5,Suburban,1964,1,1,31970000.0
55800,Agricultural Land,0,0.0,Downtown,1950,0,0,10565000.0
1770,Apartment,2,2.5,Downtown,2001,3,1,15358000.0
1389,Apartment,1,2.5,Rural,2017,1,1,9479000.0
3381,Independent House,2,2.0,Suburban,1968,2,1,23697000.0
1490,Apartment,2,3.5,Suburban,1974,3,1,12282000.0
3891,Villa,4,3.5,Rural,2025,1,1,33721000.0
86794,Agricultural Land,0,0.0,Suburban,1950,0,0,11505000.0
1332,Independent House,3,1.0,Suburban,2025,1,0,13993000.0
1597,Apartment,2,1.5,Suburban,1974,3,1,11897000.0
2419,Independent House,3,3.0,Suburban,1982,1,1,19525000.0
1854,Villa,5,1.5,Suburban,2009,3,1,22033000.0
1469,Apartment,2,1.0,Downtown,1986,3,1,12789000.0
2446,Independent House,4,2.5,Downtown,1992,1,1,21733000.0
3240,Villa,3,2.0,Suburban,1958,1,1,29507000.0
4644,Villa,3,2.0,Rural,1963,1,1,36659000.0
924,Apartment,3,1.5,Suburban,1952,2,1,9627000.0
3533,Villa,4,2.5,Rural,2018,3,1,30772000.0
679,Apartment,1,2.0,Suburban,2005,3,1,8356000.0
1654,Apartment,2,1.5,Rural,1975,2,0,10139000.0
115921,Agricultural Land,0,0.0,Downtown,1950,0,0,16941000.0
4405,Villa,4,1.5,Suburban,2002,2,1,38109000.0
1464,Apartment,3,2.0,Suburban,1990,1,0,11312000.0
1316,Apartment,1,3.5,Downtown,1970,3,1,12208000.0
1071,Apartment,1,3.5,Suburban,1988,2,0,9521000.0
673,Apartment,3,1.5,Rural,1972,2,1,6062000.0
1188,Apartment,2,2.5,Suburban,2023,3,0,10768000.0
1163,Apartment,2,2.5,Rural,2007,3,1,9291000.0
1466,Independent House,2,3.0,Suburban,2018,3,1,14764000.0
2398,Villa,5,2.0,Suburban,2024,1,0,25018000.0
3444,Villa,5,1.0,Suburban,1978,2,1,31794000.0
2791,Villa,4,2.5,Downtown,2011,1,1,28657000.0
1336,Apartment,2,1.0,Suburban,2002,3,1,11389000.0
192231,Agricultural Land,0,0.0,Suburban,1950,0,0,23540000.0
1747,Penthouse,3,1.0,Rural,1994,3,1,16354000.0
3104,Penthouse,3,2.5,Suburban,1976,2,1,26637000.0
2643,Penthouse,4,4.0,Suburban,1983,1,1,24650000.0
134013,Agricultural Land,0,0.0,Downtown,1950,0,0,19306000.0
1469,Independent House,3,1.5,Rural,1963,1,1,13004000.0
1092,Apartment,3,2.5,Suburban,1990,1,1,9789000.0
3524,Villa,5,1.5,Rural,2023,3,1,31555000.0
4510,Villa,5,3.0,Suburban,2009,2,1,39330000.0
4133,Villa,3,2.0,Suburban,1991,1,0,35226000.0
2631,Independent House,3,1.5,Suburban,2000,3,1,21238000.0
911,Apartment,2,1.5,Suburban,2024,3,0,9254000.0
3356,Independent House,3,2.0,Suburban,1960,1,1,24803000.0
23886,Agricultural Land,0,0.0,Suburban,1950,0,0,4186000.0
2136,Independent House,2,1.0,Suburban,1984,2,0,16413000.0
3011,Independent House,3,1.0,Rural,1968,2,1,21157000.0
1055,Apartment,2,2.5,Downtown,2014,1,1,10725000.0
2486,Independent House,3,2.0,Suburban,2025,3,0,20825000.0
122221,Agricultural Land,0,0.0,Downtown,1950,0,0,18163000.0
2729,Villa,4,2.5,Downtown,2010,3,0,28924000.0
2464,Penthouse,3,1.0,Suburban,1996,1,0,22289000.0
1928,Independent House,4,2.5,Downtown,1963,3,1,18909000.0
3968,Villa,5,2.0,Suburban,2016,3,1,35877000.0
1233,Apartment,2,1.0,Downtown,2001,1,1,10906000.0
4744,Villa,4,2.0,Suburban,1981,3,0,39904000.0
2062,Independent House,3,1.0,Downtown,1959,1,1,18086000.0
2184,Independent House,2,3.0,Downtown,1966,1,1,18871000.0
2088,Villa,4,2.5,Rural,1989,1,1,20880000.0
47588,Agricultural Land,0,0.0,Suburban,1950,0,0,6650000.0
1127,Apartment,1,2.0,Rural,2017,3,0,8340000.0
2416,Penthouse,4,1.0,Downtown,2012,1,1,23869000.0
1710,Apartment,2,1.5,Suburban,1964,3,1,12503000.0
1798,Independent House,3,2.0,Suburban,1988,1,1,16102000.0
1665,Apartment,3,2.5,Downtown,2006,2,1,14492000.0
611,Apartment,2,1.5,Suburban,1959,3,1,7005000.0
1832,Independent House,2,1.0,Suburban,2020,3,1,16254000.0
1440,Apartment,3,1.5,Suburban,1966,3,1,11337000.0
2241,Independent House,2,2.0,Suburban,2025,2,0,18200000.0
114470,Agricultural Land,0,0.0,Suburban,1950,0,0,14335000.0
1290,Apartment,3,1.5,Suburban,1966,1,0,10265000.0
2027,Penthouse,3,2.0,Suburban,1965,2,0,19922000.0
2495,Independent House,4,1.5,Rural,1952,1,1,17349000.0
4693,Villa,3,2.0,Suburban,2000,1,0,39429000.0
1492,Apartment,1,1.5,Suburban,1995,1,0,10444000.0
986,Apartment,2,2.5,Suburban,2004,1,1,9535000.0
1080,Apartment,3,1.0,Suburban,1975,1,1,9129000.0
1007,Apartment,3,1.5,Suburban,2025,2,1,9779000.0
1497,Apartment,2,2.0,Downtown,1980,3,1,13240000.0
2510,Villa,3,2.0,Suburban,2021,2,1,25808000.0
65634,Agricultural Land,0,0.0,Suburban,1950,0,0,9444000.0
2544,Penthouse,3,2.0,Suburban,1968,3,1,22951000.0
3482,Villa,5,3.0,Suburban,2017,3,1,33436000.0
1414,Apartment,1,3.0,Suburban,1964,3,1,11724000.0
1517,Apartment,3,1.5,Rural,2007,2,1,10461000.0
802,Apartment,3,3.0,Suburban,1979,1,1,8262000.0
1016,Apartment,1,2.0,Suburban,1997,1,1,8512000.0
1415,Independent House,2,1.5,Suburban,2005,3,1,14263000.0
2471,Independent House,2,4.0,Downtown,1991,1,1,21111000.0
2535,Independent House,3,3.0,Rural,1973,1,1,18020000.0
1084,Independent House,4,4.0,Suburban,2001,2,1,13424000.0
1666,Penthouse,4,1.5,Suburban,1992,1,1,17968000.0
1883,Penthouse,3,1.0,Suburban,1983,1,1,18746000.0
1067,Apartment,2,2.0,Downtown,2009,2,0,10665000.0
181573,Agricultural Land,0,0.0,Rural,1950,0,0,20767000.0
182415,Agricultural Land,0,0.0,Suburban,1950,0,0,21739000.0
1072,Apartment,1,2.5,Suburban,1952,1,0,8564000.0
1992,Independent House,4,1.5,Downtown,2017,3,1,18822000.0
2281,Independent House,3,3.0,Suburban,1960,2,1,18619000.0
170082,Agricultural Land,0,0.0,Downtown,1950,0,0,22619000.0
96091,Agricultural Land,0,0.0,Suburban,1950,0,0,12409000.0
1089,Apartment,3,2.0,Suburban,1962,1,0,9347000.0
2756,Independent House,2,2.0,Downtown,1999,1,1,22319000.0
3373,Independent House,2,2.5,Suburban,1968,2,0,24128000.0
1891,Independent House,2,2.5,Suburban,1993,3,1,17006000.0
688,Apartment,2,1.0,Rural,1982,2,1,5724000.0
61524,Agricultural Land,0,0.0,Suburban,1950,0,0,8053000.0
4197,Villa,4,4.0,Suburban,1987,3,0,37342000.0
2607,Penthouse,4,2.0,Suburban,1952,2,1,23644000.0
155896,Agricultural Land,0,0.0,Rural,1950,0,0,16761000.0
4154,Villa,4,1.0,Suburban,2014,1,0,36189000.0
2873,Independent House,3,3.0,Suburban,1984,2,1,22815000.0
2977,Villa,3,4.0,Downtown,1985,2,0,29124000.0
1039,Apartment,1,3.0,Suburban,1987,3,1,9638000.0
4587,Villa,3,3.0,Rural,1988,2,0,36851000.0
863,Apartment,2,2.5,Suburban,1974,3,1,9276000.0
2776,Villa,4,3.5,Downtown,2013,2,1,29422000.0
1334,Apartment,1,1.0,Suburban,1962,1,0,9478000.0
1020,Apartment,1,2.5,Downtown,2017,2,0,10250000.0
1092,Apartment,2,2.5,Rural,2019,1,1,7751000.0
1232,Apartment,3,1.0,Suburban,2024,3,0,10723000.0
2792,Villa,3,2.0,Suburban,1950,3,1,27059000.0
4258,Villa,3,2.0,Suburban,2021,3,1,37555000.0
1172,Independent House,2,2.5,Rural,2003,3,0,10694000.0
603,Apartment,2,1.0,Rural,1958,2,1,5269000.0
1453,Apartment,1,3.0,Downtown,1985,2,1,12817000.0
1585,Apartment,1,1.0,Rural,1986,2,1,10398000.0
1733,Apartment,1,2.0,Rural,2008,1,0,9815000.0
147502,Agricultural Land,0,0.0,Suburban,1950,0,0,18160000.0
1182,Apartment,1,3.0,Rural,1970,2,0,7777000.0
2054,Independent House,2,2.0,Suburban,1969,1,1,17579000.0
980,Apartment,3,2.0,Suburban,1950,1,0,8318000.0
1634,Apartment,3,1.0,Downtown,2008,2,0,13449000.0
3391,Independent House,2,2.5,Suburban,1977,1,0,24316000.0
3392,Villa,3,4.0,Downtown,2020,3,0,32671000.0
765,Apartment,1,3.5,Rural,2005,2,1,6482000.0
1299,Apartment,1,2.5,Rural,1958,2,1,7816000.0
3389,Independent House,3,1.0,Suburban,2014,1,0,25066000.0
1642,Apartment,2,1.5,Suburban,1985,2,1,12880000.0
1579,Apartment,2,1.5,Suburban,1983,2,1,12565000.0
138830,Agricultural Land,0,0.0,Suburban,1950,0,0,17317000.0
2344,Villa,5,2.0,Suburban,1981,1,1,24711000.0
3239,Independent House,2,1.5,Suburban,2015,2,1,24166000.0
3367,Independent House,3,1.5,Downtown,1974,2,1,26190000.0
3474,Independent House,2,2.5,Downtown,2000,2,1,27110000.0
1096,Independent House,2,1.5,Suburban,2012,1,1,12361000.0
4343,Villa,5,2.5,Suburban,1994,2,0,37905000.0
4508,Villa,5,3.5,Rural,1975,2,1,37439000.0
608,Apartment,2,2.5,Suburban,1970,2,1,7480000.0
1456,Independent House,3,2.5,Downtown,2000,3,1,15781000.0
2818,Independent House,4,2.5,Suburban,1973,2,0,21823000.0
120480,Agricultural Land,0,0.0,Suburban,1950,0,0,15317000.0
2831,Villa,5,1.5,Suburban,1961,1,0,26897000.0
1207,Independent House,2,1.0,Suburban,1960,3,1,12127000.0
1746,Apartment,1,1.0,Suburban,1976,1,1,12278000.0
2856,Villa,4,1.5,Suburban,1972,2,1,27807000.0
803,Apartment,2,2.5,Downtown,1982,2,0,9552000.0
1117,Apartment,3,3.5,Suburban,1987,2,1,10581000.0
1116,Apartment,2,3.5,Downtown,2004,3,0,11579000.0
2242,Villa,3,1.0,Downtown,2019,2,1,25111000.0
1288,Apartment,3,4.0,Downtown,1991,1,1,12454000.0
1832,Independent House,2,1.5,Downtown,1978,3,0,16651000.0
215755,Agricultural Land,0,0.0,Rural,1950,0,0,24085000.0
1759,Apartment,3,3.0,Downtown,1983,1,0,14303000.0
1386,Independent House,4,1.5,Downtown,2006,1,0,15662000.0
3041,Independent House,2,1.0,Rural,1952,1,1,19680000.0
1648,Apartment,2,2.0,Suburban,1955,1,1,12293000.0
2005,Penthouse,4,3.0,Suburban,1997,1,1,20369000.0
1279,Apartment,2,1.5,Suburban,2013,2,0,10905000.0
1689,Independent House,3,1.5,Suburban,1962,1,1,14772000.0
2568,Independent House,2,3.5,Suburban,1985,1,0,19637000.0
4470,Villa,5,3.5,Downtown,2019,2,0,40513000.0
2969,Villa,3,1.0,Rural,1982,3,1,26100000.0
1492,Apartment,2,2.5,Downtown,2025,2,1,13634000.0
1552,Apartment,2,1.5,Downtown,2006,3,0,13004000.0
3054,Villa,3,2.0,Suburban,2004,1,1,28947000.0
1783,Independent House,4,2.0,Suburban,1962,2,0,16433000.0
3371,Penthouse,3,2.0,Suburban,2000,3,1,28905000.0
1994,Penthouse,3,2.0,Rural,2002,3,1,18136000.0
2561,Penthouse,4,2.0,Rural,1985,2,0,21009000.0
1746,Independent House,2,2.0,Suburban,1954,2,1,15350000.0
1036,Apartment,3,2.5,Downtown,1974,2,1,11390000.0
3354,Penthouse,3,2.5,Rural,1986,2,0,25425000.0
3392,Independent House,2,2.0,Suburban,1968,2,1,24755000.0
1783,Apartment,2,1.0,Downtown,1984,1,1,14519000.0
91759,Agricultural Land,0,0.0,Suburban,1950,0,0,12285000.0
59996,Agricultural Land,0,0.0,Suburban,1950,0,0,8133000.0
3191,Independent House,2,2.5,Downtown,1983,1,0,24132000.0
1187,Apartment,2,2.5,Suburban,2003,2,1,10452000.0
1656,Independent House,3,2.5,Rural,1995,2,0,13479000.0
3264,Penthouse,4,2.0,Downtown,1955,1,0,28349000.0
211782,Agricultural Land,0,0.0,Suburban,1950,0,0,25512000.0
944,Apartment,3,1.5,Suburban,1950,3,1,9067000.0
1295,Apartment,2,2.5,Suburban,2020,1,0,10958000.0
127027,Agricultural Land,0,0.0,Downtown,1950,0,0,17949000.0
3216,Independent House,2,1.5,Suburban,1983,2,1,23447000.0
2762,Independent House,2,3.5,Suburban,2005,3,1,22391000.0
81325,Agricultural Land,0,0.0,Rural,1950,0,0,9281000.0
992,Apartment,2,2.5,Rural,1975,2,0,7260000.0
2288,Villa,4,1.5,Rural,1991,3,1,22027000.0
1321,Apartment,1,2.0,Downtown,1987,2,1,11823000.0
1945,Independent House,3,3.0,Downtown,1975,1,1,18323000.0
2552,Penthouse,4,1.5,Suburban,2008,2,0,23580000.0
3086,Independent House,4,2.0,Suburban,1973,1,1,23754000.0
129331,Agricultural Land,0,0.0,Rural,1950,0,0,14440000.0
2040,Independent House,3,2.5,Suburban,1970,3,0,18012000.0
1679,Apartment,3,2.5,Suburban,2009,1,0,12353000.0
825,Apartment,3,1.5,Downtown,1969,3,1,9921000.0
3114,Independent House,4,2.0,Rural,1955,2,0,21597000.0
2677,Independent House,3,3.5,Downtown,2016,1,0,22417000.0
1434,Apartment,3,4.0,Downtown,1959,3,1,13691000.0
1998,Independent House,4,2.5,Rural,1961,3,1,15875000.0
2777,Independent House,3,4.0,Suburban,1971,3,0,22545000.0
4084,Villa,5,2.0,Downtown,2011,3,0,37583000.0
2756,Villa,4,2.0,Suburban,2010,2,1,27492000.0
4766,Villa,3,2.0,Downtown,1966,2,1,41461000.0
1761,Apartment,3,1.0,Suburban,1959,2,1,12752000.0
1072,Apartment,2,2.0,Downtown,1961,3,1,11194000.0
3668,Villa,3,2.0,Rural,1989,2,0,30652000.0
1552,Independent House,4,3.0,Suburban,1972,3,0,15676000.0
1294,Apartment,3,2.5,Suburban,1989,3,0,11149000.0
3163,Penthouse,4,2.5,Downtown,2023,3,1,29247000.0
2752,Penthouse,3,1.5,Downtown,2023,1,1,25703000.0
1316,Independent House,3,1.5,Suburban,1999,2,1,13159000.0
1197,Apartment,3,1.5,Suburban,1959,2,1,10199000.0
2267,Penthouse,3,2.5,Downtown,1953,1,0,22974000.0
2971,Independent House,4,1.5,Suburban,1950,1,1,22196000.0
1757,Penthouse,3,2.0,Rural,1992,1,0,16140000.0
3003,Penthouse,3,2.0,Suburban,1954,1,1,25773000.0
3411,Penthouse,3,2.5,Downtown,1983,3,1,30093000.0
1122,Independent House,3,3.0,Suburban,2015,2,1,13228000.0
941,Apartment,2,2.5,Suburban,1973,2,1,8850000.0
3668,Villa,4,1.5,Downtown,1963,2,1,34406000.0
3471,Villa,5,2.0,Suburban,1990,3,1,32824000.0
2882,Villa,4,1.0,Suburban,1991,2,1,28301000.0
859,Apartment,1,1.5,Rural,1962,1,1,6188000.0
694,Apartment,2,1.5,Suburban,1978,2,1,7314000.0
108445,Agricultural Land,0,0.0,Downtown,1950,0,0,16123000.0
3714,Villa,4,1.0,Suburban,2014,2,1,33652000.0
186423,Agricultural Land,0,0.0,Downtown,1950,0,0,24521000.0
2994,Penthouse,3,1.5,Downtown,1995,3,1,27140000.0
3116,Independent House,2,1.5,Suburban,1983,1,1,23101000.0
4952,Villa,5,1.0,Rural,2012,1,1,39912000.0
74908,Agricultural Land,0,0.0,Rural,1950,0,0,8968000.0
1088,Independent House,2,2.5,Downtown,1953,1,1,12629000.0
3738,Villa,3,4.0,Suburban,1977,2,0,33092000.0
812,Apartment,2,3.0,Downtown,1950,1,1,9977000.0
1265,Independent House,2,1.0,Downtown,1985,1,1,13754000.0
4759,Villa,5,2.0,Rural,1962,2,0,37457000.0
892,Apartment,2,3.0,Rural,1954,3,1,7099000.0
932,Apartment,3,1.0,Downtown,1963,2,1,9807000.0
1700,Apartment,1,3.0,Downtown,1981,3,0,13616000.0
1604,Apartment,3,2.0,Downtown,1999,3,0,13512000.0
646,Apartment,3,3.5,Suburban,1976,1,1,8471000.0
1621,Independent House,2,3.0,Rural,1984,1,1,13196000.0
212427,Agricultural Land,0,0.0,Downtown,1950,0,0,27280000.0
1209,Independent House,2,2.5,Suburban,1952,2,1,12558000.0
1487,Apartment,2,2.5,Downtown,1953,3,1,13100000.0
753,Apartment,2,1.5,Downtown,1956,2,1,8898000.0
2214,Villa,4,1.0,Suburban,1952,1,0,23062000.0
2180,Independent House,2,2.0,Rural,2008,3,1,16898000.0
2784,Penthouse,3,1.5,Downtown,2023,1,1,25860000.0
4948,Villa,5,1.0,Downtown,1950,1,0,41794000.0
2268,Penthouse,4,1.5,Downtown,1977,1,1,22336000.0
1582,Apartment,2,3.0,Suburban,2008,3,1,12431000.0
3311,Villa,3,1.0,Downtown,2002,3,0,31284000.0
1754,Apartment,3,1.5,Suburban,1959,1,1,12541000.0
44768,Agricultural Land,0,0.0,Suburban,1950,0,0,7322000.0
4587,Villa,4,2.0,Downtown,2020,3,1,40543000.0
762,Apartment,1,2.0,Suburban,1952,1,0,7061000.0
1638,Apartment,2,1.5,Downtown,1956,1,1,13074000.0
794,Apartment,1,4.0,Suburban,1958,1,1,7845000.0
2341,Villa,5,2.0,Suburban,2018,3,0,25488000.0
958,Apartment,1,2.0,Rural,1962,2,0,6199000.0
1849,Independent House,3,1.0,Downtown,1989,2,0,17160000.0
1026,Apartment,2,2.0,Suburban,2011,3,1,10549000.0
4344,Villa,5,3.0,Downtown,2011,3,1,39615000.0
2327,Penthouse,3,1.5,Rural,1959,1,1,19529000.0
1985,Penthouse,4,2.0,Suburban,1960,1,1,19560000.0
3331,Penthouse,4,1.0,Suburban,2025,2,1,28171000.0
929,Apartment,2,4.0,Suburban,2011,1,1,9592000.0
1488,Apartment,3,1.0,Rural,2005,2,1,10809000.0
4838,Villa,4,3.0,Rural,1998,2,1,38740000.0
2170,Independent House,4,1.5,Rural,1965,3,1,16380000.0
1258,Independent House,3,2.0,Rural,2022,3,1,12402000.0
891,Apartment,1,2.5,Rural,2023,3,1,7046000.0
742,Apartment,1,1.0,Suburban,1958,2,1,7077000.0
1346,Apartment,2,2.0,Downtown,1982,3,1,12485000.0
95364,Agricultural Land,0,0.0,Downtown,1950,0,0,14723000.0
689,Apartment,1,1.5,Suburban,1984,2,1,7593000.0
1719,Independent House,4,1.0,Suburban,2024,3,0,16314000.0
1787,Apartment,1,3.0,Suburban,1988,2,1,13135000.0
2280,Villa,3,1.0,Downtown,1974,1,0,24069000.0
683,Apartment,3,2.5,Suburban,2005,1,1,8168000.0
157429,Agricultural Land,0,0.0,Downtown,1950,0,0,21062000.0
29617,Agricultural Land,0,0.0,Suburban,1950,0,0,5834000.0
1381,Apartment,1,1.5,Suburban,1997,2,1,10669000.0
153992,Agricultural Land,0,0.0,Downtown,1950,0,0,21009000.0
175101,Agricultural Land,0,0.0,Rural,1950,0,0,19521000.0
1838,Penthouse,3,1.5,Suburban,1959,2,0,17951000.0
2186,Penthouse,4,2.5,Rural,1990,1,0,19396000.0
1499,Apartment,3,2.0,Downtown,2008,2,0,13418000.0
2501,Independent House,4,1.5,Downtown,1977,2,0,21173000.0
1206,Apartment,2,2.0,Downtown,1990,1,1,11319000.0
822,Apartment,2,1.5,Downtown,2015,2,1,9640000.0
27944,Agricultural Land,0,0.0,Downtown,1950,0,0,7468000.0
1700,Apartment,1,3.0,Downtown,2000,3,1,14301000.0
3541,Villa,3,1.5,Rural,2011,1,1,29780000.0
2002,Penthouse,4,1.5,Rural,1979,3,1,18492000.0
58280,Agricultural Land,0,0.0,Rural,1950,0,0,7085000.0
102231,Agricultural Land,0,0.0,Rural,1950,0,0,11450000.0
1223,Apartment,1,2.5,Suburban,1989,2,1,10239000.0
764,Apartment,2,1.0,Suburban,1989,2,1,7797000.0
2050,Independent House,4,1.5,Downtown,2018,3,1,19718000.0
1693,Apartment,1,2.0,Downtown,2011,2,1,13783000.0
1747,Apartment,2,3.0,Suburban,1964,2,1,12690000.0
1018,Independent House,4,3.5,Rural,1952,3,0,10433000.0
2780,Penthouse,4,2.5,Suburban,1973,2,1,25063000.0
2045,Independent House,2,2.0,Rural,1990,1,1,15250000.0
1588,Apartment,2,2.5,Downtown,2012,3,1,13983000.0
4297,Villa,4,2.0,Suburban,1997,3,1,37871000.0
1151,Apartment,2,1.5,Suburban,2010,3,1,9995000.0
1671,Apartment,2,3.5,Rural,1997,3,1,10849000.0
2194,Penthouse,4,1.0,Rural,1996,1,0,18934000.0
4434,Villa,5,1.5,Suburban,2005,3,1,39185000.0
2220,Penthouse,3,3.0,Downtown,2025,3,0,23156000.0
706,Apartment,3,2.5,Downtown,1957,2,1,9386000.0
2711,Penthouse,4,1.0,Suburban,1967,3,1,24006000.0
2575,Villa,4,1.0,Rural,1972,2,0,22708000.0
2859,Independent House,3,2.0,Downtown,2018,3,0,23398000.0
3666,Villa,3,2.0,Downtown,2014,3,1,34740000.0
8877,Agricultural Land,0,0.0,Suburban,1950,0,0,2505000.0
2881,Independent House,2,2.0,Rural,1995,1,1,19630000.0
3383,Independent House,4,1.5,Suburban,2015,2,0,24892000.0
191581,Agricultural Land,0,0.0,Suburban,1950,0,0,22802000.0
3280,Penthouse,3,4.0,Suburban,2018,1,1,28688000.0
1601,Independent House,2,1.5,Downtown,1971,2,1,15651000.0
3394,Villa,5,2.0,Downtown,2014,3,0,33453000.0
3450,Independent House,3,2.0,Rural,1961,1,1,22783000.0
1139,Apartment,2,1.5,Rural,1968,2,1,8191000.0
2095,Independent House,2,1.5,Suburban,1971,2,1,17454000.0
25166,Agricultural Land,0,0.0,Suburban,1950,0,0,4630000.0
134949,Agricultural Land,0,0.0,Rural,1950,0,0,14996000.0
1679,Apartment,3,3.5,Suburban,2004,1,1,13000000.0
1985,Independent House,3,3.0,Downtown,2011,2,1,18996000.0
822,Apartment,1,1.5,Suburban,2000,3,1,8897000.0
71695,Agricultural Land,0,0.0,Suburban,1950,0,0,9994000.0
105601,Agricultural Land,0,0.0,Suburban,1950,0,0,12990000.0
3760,Villa,5,3.0,Rural,1997,2,0,32153000.0
2973,Penthouse,4,1.5,Rural,1966,3,1,24055000.0
2592,Villa,4,2.5,Downtown,1962,2,1,27442000.0
1883,Independent House,4,1.0,Suburban,1977,1,1,16518000.0
1091,Apartment,3,3.0,Suburban,2016,3,1,10993000.0
2212,Independent House,4,1.0,Suburban,1954,2,1,18674000.0
3401,Villa,3,2.0,Suburban,2009,3,1,31492000.0
2609,Villa,4,2.5,Suburban,1964,1,1,25733000.0
1960,Independent House,2,1.0,Rural,1993,2,1,14997000.0
35605,Agricultural Land,0,0.0,Suburban,1950,0,0,6173000.0
1248,Apartment,2,2.0,Rural,1995,2,1,8082000.0
2187,Independent House,3,1.0,Downtown,1978,3,1,19642000.0
3078,Villa,3,2.5,Suburban,2017,1,1,28984000.0
4323,Villa,3,1.5,Suburban,1998,1,1,37020000.0
3240,Villa,4,2.0,Rural,1992,2,1,28750000.0
769,Apartment,2,3.5,Suburban,2017,3,1,9456000.0
773,Apartment,2,1.5,Downtown,1969,2,1,9429000.0
4317,Villa,5,1.0,Suburban,1967,2,0,36766000.0
3392,Independent House,3,2.5,Suburban,2013,3,1,25650000.0
1044,Apartment,1,2.5,Rural,1998,1,1,7540000.0
2841,Villa,3,3.5,Suburban,1991,2,1,27905000.0
2093,Independent House,2,1.5,Rural,1961,2,1,14755000.0
3161,Villa,4,2.0,Suburban,1985,3,1,30334000.0
2127,Penthouse,4,3.0,Downtown,1957,3,0,21657000.0
1191,Apartment,2,3.0,Suburban,1977,2,1,10588000.0
1126,Apartment,3,2.5,Suburban,2009,1,1,10650000.0
3211,Penthouse,3,1.5,Rural,1998,3,1,25821000.0
4303,Villa,3,1.5,Downtown,1987,2,1,37968000.0
3092,Villa,5,1.0,Downtown,2007,1,1,30173000.0
3154,Penthouse,4,3.5,Downtown,1954,3,1,28690000.0
2310,Penthouse,3,1.5,Suburban,1995,3,1,22125000.0
157859,Agricultural Land,0,0.0,Downtown,1950,0,0,21987000.0
2592,Independent House,2,2.0,Suburban,2024,2,1,20686000.0
1528,Independent House,3,2.0,Rural,1951,3,0,12577000.0
1433,Independent House,4,2.0,Suburban,1974,2,0,14539000.0
887,Apartment,2,2.0,Suburban,1950,3,1,8438000.0
2941,Independent House,2,2.5,Rural,2018,1,1,20712000.0
1098,Apartment,1,2.0,Suburban,1989,1,1,8947000.0
30236,Agricultural Land,0,0.0,Downtown,1950,0,0,7795000.0
1302,Independent House,4,1.5,Suburban,2017,3,1,14507000.0
1086,Independent House,2,2.0,Suburban,2018,2,1,12117000.0
1437,Independent House,2,3.0,Downtown,2018,3,1,15950000.0
1140,Apartment,1,4.0,Suburban,1965,2,1,10327000.0
1645,Apartment,3,2.5,Rural,2003,3,0,11167000.0
1832,Independent House,4,2.5,Suburban,2012,1,1,16940000.0
1396,Apartment,3,2.0,Suburban,1967,2,1,11224000.0
2359,Villa,3,2.5,Suburban,1966,1,1,24301000.0
201855,Agricultural Land,0,0.0,Rural,1950,0,0,22257000.0
56761,Agricultural Land,0,0.0,Rural,1950,0,0,6510000.0
4314,Villa,4,4.0,Suburban,1953,1,1,37153000.0
1724,Apartment,1,2.0,Suburban,1958,1,0,11058000.0
176673,Agricultural Land,0,0.0,Suburban,1950,0,0,21238000.0
196326,Agricultural Land,0,0.0,Suburban,1950,0,0,23937000.0
1764,Apartment,3,1.0,Downtown,1980,3,1,15170000.0
1937,Villa,4,3.5,Suburban,1954,2,1,21681000.0
1177,Apartment,2,2.5,Suburban,1965,1,1,10055000.0
2209,Penthouse,3,2.0,Downtown,1991,2,1,23195000.0
15157,Agricultural Land,0,0.0,Downtown,1950,0,0,6328000.0
880,Apartment,2,4.0,Downtown,1990,2,1,10240000.0
142205,Agricultural Land,0,0.0,Suburban,1950,0,0,17563000.0
2230,Villa,4,1.5,Suburban,1979,1,0,23195000.0
206247,Agricultural Land,0,0.0,Downtown,1950,0,0,27369000.0
2709,Independent House,4,2.0,Rural,1975,3,1,19439000.0
3186,Penthouse,4,2.5,Suburban,1998,1,1,27749000.0
901,Apartment,2,1.5,Downtown,1980,1,0,9671000.0
1709,Apartment,2,2.5,Downtown,1999,2,0,13925000.0
1132,Apartment,3,1.5,Suburban,1964,3,0,10570000.0
130280,Agricultural Land,0,0.0,Downtown,1950,0,0,18357000.0
3438,Penthouse,4,1.0,Downtown,2001,2,1,30199000.0
63828,Agricultural Land,0,0.0,Suburban,1950,0,0,9081000.0
208315,Agricultural Land,0,0.0,Suburban,1950,0,0,25027000.0
1338,Apartment,2,2.0,Suburban,1987,3,1,11613000.0
1069,Independent House,3,2.0,Suburban,1987,1,1,11771000.0
1582,Apartment,2,1.0,Rural,2009,3,1,10499000.0
1080,Apartment,2,4.0,Downtown,1969,2,1,11903000.0
1767,Apartment,3,2.0,Downtown,1993,1,1,14787000.0
3071,Independent House,2,1.5,Rural,2012,3,0,20911000.0
1564,Apartment,1,1.5,Suburban,1999,3,1,11780000.0
1345,Apartment,2,3.0,Suburban,1971,2,1,11313000.0
1444,Apartment,3,2.0,Downtown,2021,3,1,13586000.0
1798,Apartment,3,1.5,Downtown,2003,1,1,14649000.0
32820,Agricultural Land,0,0.0,Downtown,1950,0,0,7687000.0
3392,Penthouse,4,1.0,Suburban,1958,3,1,28920000.0
215858,Agricultural Land,0,0.0,Downtown,1950,0,0,28148000.0
2371,Independent House,2,2.0,Suburban,1964,2,1,18924000.0
1397,Apartment,2,1.5,Suburban,1997,3,1,11055000.0
1517,Penthouse,3,2.5,Downtown,1969,1,0,17457000.0
643,Apartment,3,3.5,Downtown,1984,1,0,9101000.0
754,Apartment,1,1.5,Suburban,2016,3,1,8318000.0
1466,Apartment,3,3.0,Downtown,2009,3,1,14443000.0
1521,Apartment,3,3.5,Downtown,1983,1,1,13659000.0
1342,Apartment,3,3.5,Downtown,2022,2,1,13742000.0
2851,Independent House,2,3.5,Suburban,2003,1,1,22245000.0
3225,Villa,5,3.0,Suburban,1961,3,1,31053000.0
824,Apartment,2,2.0,Downtown,1968,3,0,8971000.0
816,Apartment,1,2.0,Suburban,1975,2,0,7390000.0
3091,Penthouse,4,2.0,Rural,1972,1,1,24787000.0
630,Apartment,2,3.0,Suburban,1982,1,1,8107000.0
1682,Apartment,1,1.5,Downtown,2006,2,0,12859000.0
61714,Agricultural Land,0,0.0,Suburban,1950,0,0,8792000.0
1534,Apartment,2,1.5,Suburban,1979,1,1,11136000.0
1044,Apartment,1,1.0,Rural,1972,2,0,6376000.0
2258,Independent House,3,3.0,Rural,2023,1,1,16825000.0
1730,Apartment,1,2.5,Suburban,1985,2,1,12663000.0
2214,Independent House,4,2.0,Suburban,1992,2,0,18726000.0
2029,Penthouse,3,1.5,Rural,2015,2,0,18020000.0
1337,Apartment,2,2.5,Rural,2002,3,0,9179000.0
2702,Independent House,4,1.0,Suburban,2009,3,0,21809000.0
1873,Independent House,2,2.0,Downtown,1986,3,1,18348000.0
1165,Apartment,2,2.0,Downtown,2010,1,1,11149000.0
3818,Villa,5,4.0,Suburban,2002,2,1,34939000.0
675,Apartment,3,2.0,Suburban,1961,1,1,7761000.0
1546,Independent House,3,2.0,Rural,1984,1,1,12681000.0
866,Apartment,3,2.5,Rural,2016,2,1,7529000.0
1316,Independent House,4,2.0,Downtown,1987,3,0,14788000.0
1744,Apartment,2,1.5,Suburban,1973,1,0,12085000.0
3359,Penthouse,3,2.0,Downtown,1989,1,1,29038000.0
624,Apartment,3,3.5,Suburban,2014,1,1,8554000.0
1159,Independent House,4,2.0,Suburban,2006,3,1,13374000.0
2137,Independent House,4,2.5,Downtown,2021,2,0,20298000.0
2699,Villa,4,4.0,Downtown,1994,2,0,27992000.0
2189,Independent House,2,3.0,Downtown,2021,1,1,20308000.0
4860,Villa,3,2.5,Downtown,1962,2,1,41364000.0
2202,Penthouse,3,2.5,Rural,1955,3,1,19580000.0
147102,Agricultural Land,0,0.0,Downtown,1950,0,0,20256000.0
1340,Apartment,3,3.5,Downtown,2020,2,0,13346000.0
3367,Independent House,2,3.5,Downtown,1996,1,1,26036000.0
2924,Penthouse,3,4.0,Rural,1993,1,1,23934000.0
107209,Agricultural Land,0,0.0,Suburban,1950,0,0,13974000.0
94678,Agricultural Land,0,0.0,Downtown,1950,0,0,14615000.0
2826,Independent House,2,2.5,Suburban,1981,2,0,20869000.0
1497,Apartment,2,2.0,Suburban,1952,1,0,10719000.0
1716,Independent House,3,1.0,Suburban,2003,3,1,15922000.0
4154,Villa,4,2.0,Suburban,1987,3,1,37064000.0
1390,Independent House,3,3.5,Downtown,1953,3,0,15192000.0
2699,Independent House,3,3.0,Rural,1966,3,1,19588000.0
2692,Penthouse,4,2.0,Suburban,1986,1,1,24249000.0
3345,Independent House,2,2.0,Suburban,1985,1,1,24383000.0
154653,Agricultural Land,0,0.0,Downtown,1950,0,0,20940000.0
3318,Independent House,4,1.5,Rural,2007,2,1,23002000.0
1683,Apartment,1,2.0,Suburban,1990,1,1,12407000.0
2319,Independent House,3,2.5,Downtown,1957,2,1,20147000.0
2990,Penthouse,3,2.0,Downtown,2016,1,1,27252000.0
1276,Apartment,3,1.5,Suburban,1979,2,1,10892000.0
1305,Apartment,2,2.0,Suburban,2001,2,1,11282000.0
128099,Agricultural Land,0,0.0,Rural,1950,0,0,14099000.0
1444,Apartment,2,1.5,Suburban,1974,3,1,11524000.0
2255,Independent House,3,4.0,Suburban,2001,2,0,18619000.0
2896,Independent House,3,2.0,Downtown,2008,2,1,23390000.0
1889,Independent House,3,3.5,Suburban,1979,2,0,16788000.0
2391,Villa,4,1.5,Rural,2016,2,1,22777000.0
1345,Apartment,3,1.5,Suburban,1953,2,1,11212000.0
2719,Independent House,3,2.5,Downtown,2006,3,1,22881000.0
1427,Independent House,3,2.5,Downtown,2012,2,1,15929000.0
4544,Villa,5,2.0,Downtown,1981,2,0,40299000.0
1245,Apartment,1,1.5,Suburban,2000,2,1,10449000.0
1731,Independent House,3,1.0,Rural,2012,1,0,13401000.0
1399,Apartment,3,2.5,Downtown,1950,1,1,12273000.0
963,Apartment,3,1.0,Suburban,1968,3,0,9181000.0
801,Apartment,1,1.5,Suburban,1984,2,0,7920000.0
1481,Apartment,2,2.5,Rural,2012,2,1,10627000.0
1645,Penthouse,4,1.0,Suburban,1975,1,1,17862000.0
1435,Apartment,2,1.0,Downtown,1962,2,0,12088000.0
83532,Agricultural Land,0,0.0,Downtown,1950,0,0,13591000.0
10479,Agricultural Land,0,0.0,Suburban,1950,0,0,3189000.0
2287,Independent House,3,1.0,Rural,1972,3,1,16731000.0
663,Apartment,3,4.0,Downtown,1984,2,1,9990000.0
1040,Independent House,3,2.0,Suburban,1961,3,1,12031000.0
2819,Penthouse,4,3.5,Suburban,1958,1,1,25294000.0
1912,Independent House,3,1.5,Suburban,2016,3,1,17650000.0
1574,Apartment,2,2.5,Downtown,1993,3,0,13637000.0
2133,Independent House,2,1.5,Rural,2010,3,1,16040000.0
2744,Penthouse,3,2.0,Suburban,1970,3,0,24128000.0
2893,Penthouse,4,3.0,Suburban,1956,3,0,25805000.0
967,Apartment,1,3.0,Suburban,1960,3,1,8550000.0
3259,Villa,4,2.5,Rural,1994,3,1,28994000.0
1517,Apartment,2,3.0,Suburban,1981,3,1,12531000.0
1627,Apartment,3,1.5,Suburban,1985,3,0,12685000.0
89970,Agricultural Land,0,0.0,Suburban,1950,0,0,12518000.0
1501,Apartment,3,2.0,Suburban,1986,1,0,11203000.0
765,Apartment,3,2.0,Downtown,2024,3,1,10155000.0
1649,Apartment,2,3.0,Rural,1990,3,1,11100000.0
104313,Agricultural Land,0,0.0,Rural,1950,0,0,11954000.0
2540,Penthouse,3,1.5,Suburban,1998,2,1,23258000.0
2527,Villa,3,3.5,Suburban,1964,2,1,25914000.0
2615,Penthouse,3,2.0,Downtown,1962,2,1,24411000.0
1082,Apartment,2,2.5,Rural,2002,3,1,8261000.0
3447,Independent House,2,1.5,Suburban,1982,1,1,24946000.0
2230,Independent House,4,2.0,Suburban,2021,1,1,19211000.0
1218,Apartment,3,2.5,Rural,1981,2,1,9174000.0
3148,Independent House,2,2.0,Suburban,1997,2,1,23786000.0
92379,Agricultural Land,0,0.0,Rural,1950,0,0,10237000.0
1358,Apartment,3,3.5,Suburban,2017,3,1,12537000.0
762,Apartment,1,2.5,Suburban,2006,1,1,7961000.0
1796,Apartment,1,2.0,Suburban,2011,1,1,12735000.0
1101,Apartment,3,3.0,Suburban,1951,2,0,9679000.0
109703,Agricultural Land,0,0.0,Rural,1950,0,0,12213000.0
3428,Independent House,4,2.5,Suburban,1965,1,1,25393000.0
2995,Independent House,4,2.5,Suburban,1957,2,1,23049000.0
3434,Penthouse,3,1.5,Downtown,1968,2,1,28918000.0
1786,Apartment,1,2.0,Downtown,1981,3,1,14492000.0
1306,Independent House,4,2.5,Suburban,2016,2,0,13689000.0
2362,Independent House,4,3.0,Suburban,1981,3,1,20270000.0
3102,Independent House,3,1.5,Rural,1974,1,1,20852000.0
167408,Agricultural Land,0,0.0,Suburban,1950,0,0,20459000.0
1626,Penthouse,3,1.5,Suburban,2002,1,1,17538000.0
1242,Independent House,4,2.0,Suburban,1974,2,1,13623000.0
3384,Penthouse,3,1.0,Suburban,1982,2,0,27844000.0
1199,Apartment,1,2.5,Rural,1980,3,0,8302000.0
1102,Apartment,2,2.5,Suburban,1985,3,1,10467000.0
1203,Apartment,3,2.0,Downtown,1998,1,1,11913000.0
902,Apartment,3,3.0,Suburban,1993,1,1,9729000.0
1234,Independent House,4,2.0,Downtown,1997,2,1,14798000.0
4909,Villa,5,2.5,Suburban,1979,2,1,42136000.0
161856,Agricultural Land,0,0.0,Downtown,1950,0,0,21926000.0
2550,Independent House,4,1.5,Suburban,1962,3,1,20503000.0
2792,Independent House,4,2.0,Downtown,1992,2,1,22915000.0
1246,Apartment,2,3.0,Downtown,1965,3,1,11810000.0
600,Apartment,3,1.5,Suburban,1975,1,1,7325000.0
1560,Independent House,4,2.0,Downtown,2024,1,1,16786000.0
2119,Independent House,4,1.5,Downtown,1996,2,0,19886000.0
2212,Penthouse,4,1.5,Suburban,1986,3,1,21854000.0
1012,Apartment,3,1.5,Downtown,1952,2,0,10488000.0
1137,Apartment,2,1.5,Downtown,1975,2,0,10733000.0
2878,Independent House,2,3.5,Downtown,1964,3,1,23262000.0
1028,Apartment,3,2.5,Rural,2015,2,1,9043000.0
834,Apartment,2,1.5,Suburban,1977,3,1,8572000.0
4196,Villa,3,2.5,Suburban,1987,3,1,36786000.0
995,Apartment,2,1.0,Rural,1993,2,1,6958000.0
3174,Villa,4,2.0,Downtown,2002,3,1,31204000.0
1015,Apartment,1,1.5,Suburban,1953,1,1,8882000.0
1515,Apartment,3,1.0,Rural,2021,1,1,10354000.0
1080,Independent House,4,3.0,Suburban,1993,1,1,12839000.0
1535,Penthouse,4,1.5,Rural,1995,1,1,15268000.0
2090,Independent House,2,3.0,Rural,1975,2,1,15434000.0
2140,Penthouse,3,2.0,Downtown,1962,1,1,21366000.0
1481,Apartment,2,1.0,Rural,2018,1,1,9803000.0
3190,Penthouse,4,2.5,Rural,1993,1,1,25495000.0
1356,Apartment,1,2.0,Suburban,2002,1,1,11009000.0
4470,Villa,4,1.5,Rural,2000,2,0,35308000.0
1467,Independent House,2,1.5,Downtown,1962,1,0,14540000.0
180540,Agricultural Land,0,0.0,Suburban,1950,0,0,22093000.0
2494,Independent House,4,1.0,Downtown,1990,3,0,20785000.0
1619,Apartment,3,3.5,Downtown,1960,3,1,13906000.0
1501,Apartment,2,2.0,Suburban,1986,2,1,11403000.0
2172,Penthouse,3,1.0,Suburban,2009,2,1,21429000.0
1438,Independent House,4,3.0,Suburban,1981,2,1,14953000.0
2030,Penthouse,4,1.5,Suburban,1994,1,1,20325000.0
726,Apartment,1,1.5,Suburban,1967,2,0,7454000.0
804,Apartment,3,1.5,Downtown,1969,1,0,9179000.0
628,Apartment,1,2.0,Suburban,1993,2,1,7185000.0
217428,Agricultural Land,0,0.0,Rural,1950,0,0,24168000.0
2263,Villa,3,1.0,Suburban,1985,3,1,23759000.0
18816,Agricultural Land,0,0.0,Suburban,1950,0,0,3731000.0
839,Apartment,2,2.0,Suburban,2018,3,1,9713000.0
4113,Villa,3,3.0,Suburban,1986,1,0,34899000.0
4976,Villa,5,1.5,Suburban,1982,2,0,41651000.0
1512,Apartment,1,1.5,Rural,1968,3,1,9901000.0
1996,Penthouse,3,2.0,Suburban,2000,1,0,19662000.0
197807,Agricultural Land,0,0.0,Suburban,1950,0,0,23142000.0
211279,Agricultural Land,0,0.0,Suburban,1950,0,0,25687000.0
1971,Villa,4,2.0,Suburban,1981,3,1,22139000.0
1093,Apartment,3,3.5,Suburban,1971,2,0,10358000.0
1569,Apartment,3,2.0,Suburban,1950,1,1,12007000.0
203563,Agricultural Land,0,0.0,Suburban,1950,0,0,24387000.0
1275,Apartment,3,1.0,Suburban,2003,3,1,10638000.0
2458,Villa,3,1.5,Suburban,1969,2,0,24452000.0
4750,Villa,5,1.5,Rural,2007,1,1,38705000.0
2465,Villa,5,2.5,Suburban,1984,3,1,25525000.0
134794,Agricultural Land,0,0.0,Rural,1950,0,0,15530000.0
1149,Apartment,1,1.0,Downtown,2019,3,0,10927000.0
1242,Apartment,2,1.5,Downtown,2019,1,1,12410000.0
854,Apartment,2,2.0,Suburban,2010,2,1,9219000.0
1207,Independent House,2,1.5,Suburban,2012,1,0,12465000.0
1049,Apartment,2,2.0,Suburban,2010,3,0,9887000.0
694,Apartment,2,1.0,Downtown,2006,3,0,9349000.0
3383,Penthouse,4,3.5,Downtown,1952,3,1,30455000.0
217745,Agricultural Land,0,0.0,Suburban,1950,0,0,25660000.0
1282,Apartment,3,1.5,Downtown,1994,2,1,12127000.0
1761,Independent House,3,3.5,Suburban,1964,3,0,16676000.0
168310,Agricultural Land,0,0.0,Suburban,1950,0,0,20249000.0
1355,Apartment,3,1.5,Suburban,1966,3,1,11328000.0
1435,Apartment,2,2.5,Downtown,1964,1,0,11875000.0
732,Apartment,3,1.5,Downtown,1954,3,1,9608000.0
1054,Independent House,2,2.5,Suburban,1995,1,0,10923000.0
1109,Apartment,1,1.5,Downtown,1960,3,1,10789000.0
15570,Agricultural Land,0,0.0,Suburban,1950,0,0,4061000.0
3457,Independent House,3,2.0,Rural,2013,1,1,23817000.0
2689,Independent House,4,2.5,Downtown,1963,1,1,22221000.0
1586,Apartment,1,2.0,Downtown,1988,1,1,11856000.0
1733,Independent House,2,2.0,Downtown,2016,1,0,16520000.0
4986,Villa,3,1.0,Rural,2004,2,0,39253000.0
3472,Penthouse,3,1.5,Downtown,1991,3,1,30142000.0
3193,Penthouse,4,2.0,Rural,2024,2,1,26210000.0
1258,Independent House,4,1.0,Suburban,1954,3,1,13251000.0
198114,Agricultural Land,0,0.0,Suburban,1950,0,0,23711000.0
1798,Penthouse,4,1.5,Downtown,2001,1,1,20655000.0
3298,Penthouse,4,1.5,Suburban,1971,3,1,27808000.0
1160,Apartment,1,1.5,Suburban,1993,1,1,9803000.0
896,Apartment,2,2.0,Suburban,2008,3,0,9332000.0
961,Apartment,1,2.0,Suburban,1974,1,1,9262000.0
4436,Villa,3,3.5,Suburban,1970,3,0,38396000.0
2461,Independent House,2,2.0,Suburban,2013,3,1,20356000.0
3174,Independent House,2,3.5,Suburban,2017,3,1,24749000.0
137403,Agricultural Land,0,0.0,Suburban,1950,0,0,17493000.0
166318,Agricultural Land,0,0.0,Suburban,1950,0,0,20103000.0
102219,Agricultural Land,0,0.0,Downtown,1950,0,0,16073000.0
1143,Apartment,2,2.5,Suburban,1996,1,1,10154000.0
4315,Villa,5,3.5,Suburban,1984,3,1,38485000.0
919,Apartment,2,3.0,Downtown,1956,1,1,10042000.0
868,Apartment,2,2.5,Suburban,2005,2,1,8924000.0
660,Apartment,2,2.0,Downtown,2001,3,1,9266000.0
1396,Apartment,1,1.5,Downtown,1995,1,1,11727000.0
2118,Independent House,4,1.5,Rural,1958,1,1,15886000.0
2052,Penthouse,4,3.5,Suburban,2007,1,1,20611000.0
1525,Apartment,1,3.5,Suburban,1972,2,1,11512000.0
2460,Villa,4,2.5,Rural,1952,1,1,22706000.0
1715,Independent House,2,3.0,Downtown,2010,2,0,16955000.0
1378,Apartment,3,3.5,Rural,1958,2,1,10072000.0
3241,Independent House,4,2.0,Downtown,2002,1,1,26148000.0
1081,Apartment,1,2.5,Suburban,2017,3,0,9833000.0
2458,Independent House,3,2.0,Suburban,1998,2,1,20689000.0
1854,Independent House,2,2.0,Rural,2019,1,1,14626000.0
1097,Apartment,2,1.0,Suburban,1997,2,0,9682000.0
811,Apartment,3,2.0,Suburban,1956,1,1,7747000.0
1664,Independent House,2,2.5,Suburban,1980,1,1,14854000.0
159311,Agricultural Land,0,0.0,Downtown,1950,0,0,22139000.0
820,Apartment,3,2.0,Suburban,2005,2,1,9342000.0
2072,Villa,4,3.0,Downtown,2010,1,1,24877000.0
2977,Villa,4,1.5,Suburban,1954,2,0,28389000.0
30029,Agricultural Land,0,0.0,Suburban,1950,0,0,5144000.0
1778,Penthouse,3,1.0,Rural,1979,1,1,16461000.0
1815,Independent House,2,3.0,Suburban,1971,3,1,16090000.0
2075,Villa,3,2.5,Suburban,1966,3,1,22078000.0
62524,Agricultural Land,0,0.0,Downtown,1950,0,0,11273000.0
1922,Independent House,4,1.5,Downtown,1959,2,0,18084000.0
1241,Apartment,2,2.0,Suburban,2020,2,1,11097000.0
1104,Apartment,2,2.0,Suburban,2017,2,1,10590000.0
2089,Penthouse,3,3.5,Suburban,1991,2,0,20477000.0
2271,Penthouse,3,2.5,Suburban,1976,3,1,22119000.0
1339,Apartment,1,1.5,Downtown,1956,2,1,11268000.0
2259,Independent House,4,2.0,Suburban,1972,1,1,19605000.0
2013,Independent House,3,3.0,Downtown,2024,1,1,19516000.0
727,Apartment,2,2.5,Downtown,1957,2,1,9572000.0
170178,Agricultural Land,0,0.0,Downtown,1950,0,0,22646000.0
1501,Apartment,2,3.0,Suburban,1957,1,1,11413000.0
1142,Apartment,2,1.5,Suburban,1954,2,0,9279000.0
2525,Independent House,4,3.0,Downtown,2020,1,1,22029000.0
3473,Villa,4,2.5,Suburban,1951,1,1,31896000.0
1091,Apartment,3,2.5,Suburban,2000,2,1,10529000.0
4892,Villa,3,1.5,Rural,2015,2,0,38250000.0
2257,Independent House,4,3.0,Suburban,1961,3,0,18946000.0
1313,Apartment,2,2.5,Downtown,1996,2,1,12042000.0
1390,Apartment,1,3.0,Rural,2004,3,0,9544000.0
2666,Independent House,4,2.0,Downtown,1975,2,1,22745000.0
1015,Apartment,3,1.0,Suburban,1994,1,0,9394000.0
176265,Agricultural Land,0,0.0,Suburban,1950,0,0,21683000.0
1528,Penthouse,4,1.5,Downtown,2011,3,1,19734000.0
103726,Agricultural Land,0,0.0,Suburban,1950,0,0,13954000.0
761,Apartment,3,2.0,Downtown,2019,1,1,9896000.0
181464,Agricultural Land,0,0.0,Rural,1950,0,0,20800000.0
1060,Independent House,2,2.0,Downtown,1951,2,1,12682000.0
724,Apartment,3,2.0,Suburban,1975,2,0,8057000.0
1694,Apartment,2,2.0,Suburban,1963,2,1,12509000.0
1437,Apartment,1,3.0,Downtown,2006,2,1,13069000.0
3730,Villa,3,1.5,Suburban,1981,3,1,32682000.0
3290,Independent House,4,1.5,Rural,2011,3,0,23009000.0
1072,Apartment,2,3.0,Suburban,1979,2,1,10032000.0
2758,Villa,3,2.0,Suburban,1962,1,0,25616000.0
1132,Apartment,3,2.0,Suburban,1989,3,1,10141000.0
1493,Independent House,3,2.0,Rural,1980,1,0,11874000.0
1081,Independent House,4,2.0,Downtown,1986,2,1,13755000.0
2355,Penthouse,4,1.5,Suburban,1994,3,1,22646000.0
2378,Penthouse,3,2.0,Downtown,2008,3,0,23574000.0
2545,Independent House,2,4.0,Rural,1977,3,1,19074000.0
1011,Independent House,2,2.0,Suburban,2010,1,0,11367000.0
2286,Independent House,4,1.0,Rural,1968,2,0,16531000.0
3180,Penthouse,3,2.5,Rural,1992,2,1,25560000.0
1048,Apartment,1,2.0,Downtown,2008,3,1,10406000.0
1361,Apartment,2,1.5,Downtown,1965,3,0,12420000.0
1737,Apartment,2,3.0,Downtown,2018,2,1,14347000.0
1025,Independent House,4,1.5,Suburban,1993,1,1,12535000.0
2806,Independent House,4,3.5,Suburban,2015,3,1,23441000.0
3022,Penthouse,3,2.0,Suburban,1959,1,0,25760000.0
1107,Apartment,3,2.5,Suburban,1996,1,0,9826000.0
2568,Independent House,3,2.0,Suburban,1968,2,1,20403000.0
1561,Penthouse,4,1.5,Suburban,2000,2,1,17396000.0
1728,Penthouse,3,2.5,Downtown,1962,1,1,19169000.0
2838,Independent House,3,3.5,Downtown,2012,1,1,23747000.0
1606,Independent House,4,2.5,Suburban,1965,2,0,15704000.0
1658,Apartment,3,2.5,Suburban,2002,3,1,13619000.0
107319,Agricultural Land,0,0.0,Rural,1950,0,0,11995000.0
1490,Apartment,2,4.0,Suburban,1984,1,0,11746000.0
100510,Agricultural Land,0,0.0,Suburban,1950,0,0,12918000.0
2394,Villa,4,1.5,Suburban,2008,3,0,24860000.0
2592,Independent House,4,1.0,Downtown,1988,1,1,21887000.0
1655,Apartment,1,1.0,Downtown,2016,2,1,14118000.0
2854,Independent House,4,2.5,Downtown,2022,3,1,24607000.0
3048,Independent House,3,3.0,Downtown,2010,2,1,24673000.0
1759,Apartment,3,2.5,Suburban,1999,1,0,13989000.0
3019,Villa,5,3.5,Suburban,2002,2,1,30183000.0
143108,Agricultural Land,0,0.0,Suburban,1950,0,0,18033000.0
1085,Independent House,2,2.5,Suburban,1995,3,1,12468000.0
3299,Villa,5,2.0,Downtown,2001,2,1,32745000.0
1115,Apartment,3,1.5,Suburban,1978,3,1,10404000.0
1174,Independent House,4,3.5,Suburban,1954,2,0,12572000.0
1362,Apartment,2,1.0,Rural,2016,2,1,9416000.0
4892,Villa,4,2.0,Rural,2023,3,1,39398000.0
210618,Agricultural Land,0,0.0,Suburban,1950,0,0,25257000.0
4976,Villa,3,1.5,Suburban,2024,3,1,41974000.0
1177,Apartment,3,1.5,Downtown,1989,3,1,11669000.0
2798,Independent House,3,2.5,Downtown,2021,1,1,23451000.0
3096,Independent House,2,1.5,Rural,1951,2,1,20793000.0
1144,Independent House,4,3.5,Suburban,2017,3,0,13617000.0
2863,Penthouse,3,2.0,Suburban,2011,1,0,25097000.0
2261,Penthouse,4,2.5,Rural,2007,1,1,20457000.0
3177,Villa,3,2.5,Suburban,2018,3,0,30294000.0
2825,Independent House,2,2.5,Downtown,2007,3,1,23354000.0
1528,Apartment,1,3.5,Downtown,1984,3,1,13803000.0
1393,Apartment,1,1.5,Downtown,1963,1,1,11793000.0
2601,Independent House,2,1.0,Suburban,1964,1,1,19673000.0
2660,Independent House,2,1.0,Suburban,1955,2,1,19955000.0
2118,Villa,5,3.0,Rural,1965,1,1,21433000.0
2910,Villa,5,4.0,Suburban,1995,3,1,29731000.0
1297,Apartment,1,1.5,Downtown,2012,2,1,12235000.0
1846,Independent House,4,2.5,Downtown,1961,2,1,18195000.0
1382,Apartment,1,1.0,Suburban,1990,2,1,10611000.0
641,Apartment,3,1.5,Rural,1968,2,0,5588000.0
2616,Penthouse,4,2.5,Downtown,2025,3,0,25463000.0
1128,Apartment,1,1.0,Rural,1951,2,1,7113000.0
2649,Independent House,3,2.0,Suburban,1969,3,1,21587000.0
891,Apartment,1,2.5,Downtown,1958,1,1,9046000.0
195420,Agricultural Land,0,0.0,Rural,1950,0,0,21530000.0
2842,Independent House,2,2.5,Downtown,1970,3,0,23080000.0
696,Apartment,2,2.0,Suburban,1957,2,1,7362000.0
2118,Independent House,3,2.5,Downtown,1988,1,1,19740000.0
1873,Villa,4,2.0,Rural,1986,1,1,19599000.0
56739,Agricultural Land,0,0.0,Rural,1950,0,0,6747000.0
1357,Apartment,1,1.0,Rural,1978,1,1,8591000.0
189087,Agricultural Land,0,0.0,Downtown,1950,0,0,24712000.0
101404,Agricultural Land,0,0.0,Downtown,1950,0,0,15130000.0
131208,Agricultural Land,0,0.0,Suburban,1950,0,0,16829000.0
3085,Villa,4,2.5,Downtown,1984,2,0,30293000.0
2209,Villa,4,1.5,Suburban,1987,3,1,23756000.0
3378,Independent House,4,1.0,Suburban,2024,3,1,26029000.0
1843,Penthouse,3,2.0,Downtown,1984,2,1,20261000.0
1770,Independent House,3,3.0,Suburban,2017,2,0,16863000.0
3643,Villa,4,1.5,Rural,1952,1,1,30452000.0
1073,Independent House,3,1.0,Rural,1961,3,0,9674000.0
3460,Villa,4,1.0,Suburban,1981,2,1,31484000.0
3223,Penthouse,3,2.0,Suburban,1996,2,0,27218000.0
853,Apartment,1,2.0,Downtown,2012,3,1,10205000.0
2458,Penthouse,4,1.5,Downtown,1975,1,1,24064000.0
1819,Independent House,3,3.0,Suburban,1992,1,1,16658000.0
3270,Penthouse,3,2.5,Rural,1993,1,1,25586000.0
1985,Independent House,3,2.5,Downtown,1987,3,1,18882000.0
1331,Independent House,3,2.0,Downtown,1978,2,0,14477000.0
90016,Agricultural Land,0,0.0,Downtown,1950,0,0,14683000.0
1346,Apartment,3,2.0,Downtown,2004,2,0,12297000.0
2335,Penthouse,4,2.0,Downtown,2001,2,0,23044000.0
2691,Independent House,3,2.0,Suburban,1968,2,1,21334000.0
1454,Independent House,4,1.0,Suburban,1984,3,1,14899000.0
1738,Apartment,1,2.5,Downtown,1997,1,1,14501000.0
1312,Independent House,3,2.0,Downtown,2009,1,0,14649000.0
1617,Apartment,2,1.5,Suburban,1980,1,1,11988000.0
827,Apartment,1,1.5,Suburban,1952,1,0,6972000.0
1433,Apartment,3,1.5,Downtown,1984,2,1,12942000.0
1457,Apartment,1,3.5,Rural,2001,2,0,9010000.0
169795,Agricultural Land,0,0.0,Suburban,1950,0,0,20111000.0
113176,Agricultural Land,0,0.0,Suburban,1950,0,0,14286000.0
1949,Independent House,3,1.5,Rural,2020,3,1,15704000.0
2226,Villa,3,3.0,Suburban,2000,1,0,23193000.0
641,Apartment,3,2.0,Rural,2005,2,1,6113000.0
2264,Villa,4,3.0,Rural,1970,2,0,21354000.0
3145,Penthouse,3,2.0,Downtown,1950,2,1,27809000.0
94069,Agricultural Land,0,0.0,Rural,1950,0,0,10334000.0
1018,Independent House,4,3.5,Downtown,2002,1,1,14496000.0
1565,Penthouse,3,1.5,Downtown,1955,2,0,17754000.0
766,Apartment,1,2.0,Rural,2011,1,1,5743000.0
74106,Agricultural Land,0,0.0,Rural,1950,0,0,7660000.0
1002,Apartment,3,1.0,Suburban,1996,1,0,8793000.0
2208,Villa,5,2.0,Downtown,1999,3,1,25571000.0
3959,Villa,4,2.0,Suburban,1980,3,0,34181000.0
2396,Villa,5,2.5,Suburban,2013,1,1,25267000.0
1250,Apartment,3,2.0,Downtown,1978,1,1,11726000.0
214653,Agricultural Land,0,0.0,Rural,1950,0,0,23590000.0
923,Apartment,1,1.0,Suburban,1964,1,0,7523000.0
3782,Villa,5,2.5,Downtown,2007,2,1,35702000.0
1591,Apartment,3,2.0,Downtown,1972,2,0,13115000.0
1028,Apartment,1,1.0,Suburban,1987,2,1,9419000.0
2084,Independent House,3,3.5,Suburban,1990,3,1,18382000.0
2635,Independent House,2,3.5,Downtown,2024,1,1,21667000.0
992,Apartment,1,3.0,Suburban,1964,2,0,8239000.0
803,Apartment,3,3.0,Downtown,1952,2,1,10059000.0
3305,Independent House,4,1.0,Suburban,1950,3,1,24663000.0
1985,Penthouse,4,4.0,Suburban,2024,3,1,21240000.0
211716,Agricultural Land,0,0.0,Downtown,1950,0,0,27165000.0
1623,Apartment,3,2.0,Suburban,1960,1,1,12474000.0
1341,Independent House,3,1.5,Suburban,2009,1,0,13032000.0
732,Apartment,2,3.0,Suburban,2014,2,1,8844000.0
1042,Apartment,2,1.5,Suburban,2025,2,1,9848000.0
3659,Villa,4,2.0,Rural,1953,2,1,30869000.0
4100,Villa,5,1.0,Rural,1974,2,0,33486000.0
864,Apartment,1,2.0,Downtown,2021,2,0,10187000.0
692,Apartment,1,2.0,Suburban,1992,3,1,7322000.0
737,Apartment,3,2.0,Downtown,1989,1,1,9728000.0
2731,Penthouse,4,1.0,Downtown,1993,3,0,25548000.0
33859,Agricultural Land,0,0.0,Downtown,1950,0,0,7813000.0
906,Apartment,3,2.0,Rural,2021,1,1,7927000.0
865,Apartment,2,2.0,Suburban,2008,1,1,8543000.0
86898,Agricultural Land,0,0.0,Downtown,1950,0,0,13929000.0
207542,Agricultural Land,0,0.0,Downtown,1950,0,0,27166000.0
2401,Independent House,4,1.5,Rural,1972,1,0,16875000.0
1053,Apartment,1,3.5,Suburban,2011,3,1,10459000.0
790,Apartment,3,2.0,Suburban,1972,2,1,9212000.0
2914,Independent House,4,3.0,Rural,2007,1,0,21347000.0
2463,Independent House,3,1.0,Suburban,2004,1,0,19614000.0
1430,Apartment,2,1.5,Downtown,1982,3,1,12655000.0
2390,Independent House,3,1.5,Suburban,2012,3,0,19959000.0
1712,Apartment,2,2.0,Rural,2009,2,1,11416000.0
1686,Penthouse,4,1.0,Rural,2010,2,1,16513000.0
1418,Apartment,1,2.0,Downtown,2025,1,0,11539000.0
1620,Apartment,3,2.0,Downtown,2010,3,0,13679000.0
3179,Independent House,4,1.5,Downtown,2018,2,0,25613000.0
1871,Independent House,3,2.5,Suburban,1970,2,0,16503000.0
195982,Agricultural Land,0,0.0,Suburban,1950,0,0,23419000.0
2399,Independent House,2,3.5,Downtown,1952,2,1,20576000.0
1290,Apartment,1,1.5,Suburban,1997,3,0,9942000.0
4539,Villa,5,2.5,Suburban,1959,3,1,39133000.0
1722,Apartment,2,2.5,Suburban,1991,3,0,12882000.0
157584,Agricultural Land,0,0.0,Rural,1950,0,0,16945000.0
2955,Independent House,4,2.0,Suburban,2015,3,1,23659000.0
1581,Independent House,4,3.0,Suburban,1995,3,0,15328000.0
770,Apartment,1,4.0,Suburban,1958,1,0,7905000.0
2389,Independent House,2,2.0,Rural,1998,1,0,17016000.0
2283,Penthouse,3,2.5,Downtown,1953,3,1,22609000.0
2582,Penthouse,4,2.5,Rural,2009,1,1,21720000.0
780,Apartment,2,2.0,Downtown,1978,3,0,8962000.0
618,Apartment,3,1.5,Downtown,1996,1,0,8501000.0
2749,Penthouse,3,3.5,Downtown,2012,1,1,26395000.0
111459,Agricultural Land,0,0.0,Rural,1950,0,0,12359000.0
1480,Apartment,2,2.5,Suburban,1980,2,1,11737000.0
2616,Independent House,3,1.0,Downtown,2000,3,1,21856000.0
774,Apartment,2,1.0,Rural,1990,1,1,5794000.0
27791,Agricultural Land,0,0.0,Suburban,1950,0,0,4989000.0
653,Apartment,3,3.5,Rural,1985,1,1,6317000.0
1294,Apartment,1,1.0,Downtown,1989,2,0,11126000.0
2362,Penthouse,4,2.5,Downtown,2009,1,1,24040000.0
948,Apartment,2,1.5,Suburban,1964,2,1,8990000.0
1442,Independent House,3,1.0,Suburban,1979,1,1,14338000.0
1579,Independent House,4,1.0,Suburban,1979,2,1,15248000.0
881,Apartment,1,2.0,Suburban,1976,2,1,8517000.0
3407,Independent House,2,1.0,Suburban,1989,3,0,24400000.0
1822,Independent House,3,2.0,Downtown,1994,3,0,18161000.0
1491,Apartment,3,2.5,Suburban,2024,1,1,12379000.0
2669,Independent House,2,2.0,Suburban,1996,3,0,21012000.0
2140,Penthouse,3,2.5,Downtown,2005,3,1,22427000.0
2531,Penthouse,3,2.0,Downtown,2003,3,0,24429000.0
1162,Apartment,2,2.0,Suburban,1958,1,0,9380000.0
1090,Apartment,3,2.0,Rural,2014,1,1,7764000.0
940,Apartment,2,2.0,Downtown,2019,3,1,11000000.0
1471,Independent House,2,4.0,Downtown,1950,3,1,15666000.0
2710,Independent House,2,2.5,Downtown,1962,1,1,21672000.0
4096,Villa,4,1.5,Rural,1987,3,1,33742000.0
834,Apartment,1,2.5,Suburban,1994,2,1,8314000.0
1706,Apartment,2,1.5,Rural,1989,1,0,9913000.0
2116,Independent House,3,1.0,Rural,1964,1,1,15256000.0
3708,Villa,4,2.0,Suburban,1999,2,1,33389000.0
1423,Apartment,1,2.5,Downtown,1951,3,1,12113000.0
3091,Villa,5,2.0,Suburban,2002,2,0,29894000.0
1231,Apartment,2,3.0,Downtown,1975,3,1,11786000.0
59101,Agricultural Land,0,0.0,Downtown,1950,0,0,10626000.0
204444,Agricultural Land,0,0.0,Downtown,1950,0,0,26824000.0
721,Apartment,3,2.0,Suburban,2015,3,0,8397000.0
1491,Apartment,1,1.5,Suburban,2024,1,0,11498000.0
3057,Independent House,2,4.0,Suburban,1982,1,0,22608000.0
1437,Apartment,3,2.0,Suburban,2008,3,0,12084000.0
3096,Villa,4,3.0,Downtown,1975,2,1,31093000.0
2829,Penthouse,3,3.0,Suburban,1970,1,1,24519000.0
3033,Villa,4,3.5,Suburban,1998,3,1,29526000.0
3481,Penthouse,4,1.0,Downtown,2020,1,1,30241000.0
2753,Independent House,4,1.5,Suburban,2020,1,1,22062000.0
1352,Apartment,1,2.5,Suburban,2015,1,1,11006000.0
4733,Villa,5,2.0,Downtown,1986,2,1,41641000.0
2948,Independent House,2,2.0,Downtown,1963,2,1,23422000.0
3927,Villa,5,1.5,Rural,2021,3,1,33646000.0
1079,Apartment,1,1.5,Downtown,1956,2,1,9737000.0
1501,Apartment,1,2.0,Suburban,1987,3,1,12081000.0
9306,Agricultural Land,0,0.0,Rural,1950,0,0,1353000.0
617,Apartment,1,1.5,Suburban,1994,3,0,6732000.0
31904,Agricultural Land,0,0.0,Downtown,1950,0,0,7754000.0
93653,Agricultural Land,0,0.0,Rural,1950,0,0,10737000.0
2869,Penthouse,4,1.5,Suburban,1971,1,0,24468000.0
3189,Villa,4,1.0,Suburban,1993,1,1,29972000.0
3000,Independent House,4,1.5,Suburban,1984,2,0,22592000.0
35273,Agricultural Land,0,0.0,Suburban,1950,0,0,6009000.0
918,Apartment,3,2.5,Rural,2009,3,0,6921000.0
3264,Independent House,2,2.5,Rural,1952,3,0,21984000.0
2857,Villa,3,1.0,Suburban,2016,1,1,26897000.0
2894,Independent House,3,1.5,Rural,2021,1,1,20851000.0
3313,Independent House,3,2.0,Rural,2004,1,1,22370000.0
1323,Apartment,2,1.5,Rural,1958,2,1,9086000.0
2700,Independent House,4,3.0,Suburban,2018,3,1,22547000.0
196498,Agricultural Land,0,0.0,Downtown,1950,0,0,26220000.0
1635,Apartment,2,2.5,Suburban,1977,3,0,12341000.0
88052,Agricultural Land,0,0.0,Downtown,1950,0,0,13529000.0
2523,Villa,5,3.0,Suburban,1964,3,1,25987000.0
1781,Penthouse,4,2.0,Downtown,1980,1,0,19786000.0
2135,Independent House,3,2.0,Rural,2008,2,1,17359000.0
2222,Penthouse,3,2.5,Suburban,2003,2,0,21776000.0
1350,Apartment,3,1.0,Suburban,2017,1,1,11410000.0
1767,Penthouse,4,1.0,Suburban,1996,2,1,19087000.0
897,Apartment,1,1.0,Downtown,1991,2,1,9663000.0
202898,Agricultural Land,0,0.0,Suburban,1950,0,0,24249000.0
176882,Agricultural Land,0,0.0,Suburban,1950,0,0,21474000.0
1145,Apartment,3,2.0,Rural,1972,3,1,8339000.0
1374,Apartment,3,1.5,Downtown,2014,1,1,12809000.0
1864,Penthouse,4,1.5,Downtown,2003,1,1,20703000.0
1146,Apartment,2,2.5,Suburban,1960,1,1,9726000.0
80191,Agricultural Land,0,0.0,Downtown,1950,0,0,12977000.0
1338,Apartment,3,4.0,Downtown,2012,1,1,13057000.0
1136,Apartment,1,1.5,Downtown,1971,3,1,10746000.0
83888,Agricultural Land,0,0.0,Suburban,1950,0,0,11260000.0
3074,Villa,3,2.0,Downtown,2003,2,1,30220000.0
3370,Penthouse,3,1.0,Suburban,1985,2,0,27797000.0
685,Apartment,1,3.5,Rural,2007,3,0,5606000.0
2562,Villa,5,1.5,Suburban,1969,2,0,25768000.0
1389,Independent House,2,3.0,Suburban,1965,1,1,13860000.0
3003,Villa,5,1.5,Suburban,2005,3,1,30034000.0
2518,Villa,5,3.0,Downtown,1999,3,0,27531000.0
1148,Independent House,4,1.5,Downtown,2015,1,1,14563000.0
1582,Independent House,2,1.5,Downtown,2023,1,1,16214000.0
720,Apartment,3,1.5,Suburban,1962,1,1,8129000.0
2264,Penthouse,4,1.5,Suburban,1964,2,1,21453000.0
1204,Apartment,3,3.0,Rural,2022,1,0,9090000.0
4103,Villa,4,2.5,Rural,1976,3,1,33555000.0
1365,Apartment,2,2.0,Downtown,1957,2,0,12031000.0
4711,Villa,5,4.0,Suburban,2019,2,1,41236000.0
2599,Villa,4,2.0,Downtown,1999,3,0,27271000.0
658,Apartment,3,4.0,Suburban,2016,2,0,8781000.0
1621,Apartment,2,1.5,Downtown,1975,1,1,13578000.0
1692,Apartment,1,3.5,Rural,1985,1,1,10277000.0
3269,Villa,3,1.0,Rural,1970,1,1,27318000.0
1887,Penthouse,4,2.0,Downtown,2001,1,1,20343000.0
1709,Apartment,3,2.0,Suburban,1960,2,1,12603000.0
4633,Villa,5,2.0,Suburban,1957,3,0,39060000.0
1192,Apartment,1,2.0,Suburban,2006,2,1,10182000.0
2649,Independent House,2,2.0,Suburban,1995,3,1,21022000.0
146790,Agricultural Land,0,0.0,Suburban,1950,0,0,17724000.0
1508,Apartment,2,4.0,Rural,1951,3,1,10244000.0
2341,Independent House,4,4.0,Suburban,2013,1,1,20406000.0
1165,Apartment,1,4.0,Suburban,2001,2,1,10621000.0
998,Apartment,1,4.0,Rural,2014,1,1,7445000.0
1498,Apartment,3,2.5,Rural,1960,2,1,10561000.0
892,Apartment,2,4.0,Suburban,1955,2,1,9230000.0
2284,Villa,4,3.0,Downtown,2025,1,1,25493000.0
1802,Independent House,3,2.0,Suburban,2013,2,0,15938000.0
2715,Independent House,3,2.5,Rural,2004,1,0,19012000.0
1489,Apartment,1,3.5,Downtown,1993,3,1,13315000.0
843,Apartment,3,2.5,Suburban,1963,1,0,8810000.0
3243,Villa,5,2.0,Downtown,1954,2,1,31374000.0
95031,Agricultural Land,0,0.0,Suburban,1950,0,0,11988000.0
1777,Apartment,1,1.0,Rural,1974,2,0,10204000.0
30327,Agricultural Land,0,0.0,Suburban,1950,0,0,5194000.0
3320,Independent House,2,3.0,Suburban,1999,3,1,25030000.0
2670,Independent House,2,3.5,Rural,2022,3,1,19774000.0
2848,Independent House,4,2.0,Downtown,2020,3,0,23922000.0
1119,Apartment,3,1.5,Rural,1951,1,1,7915000.0
1751,Apartment,3,1.5,Suburban,1959,1,1,12914000.0
3196,Villa,4,2.0,Suburban,1951,2,0,29450000.0
1167,Apartment,1,1.5,Suburban,2009,3,0,9288000.0
112772,Agricultural Land,0,0.0,Suburban,1950,0,0,14329000.0
1651,Independent House,2,2.5,Rural,1994,3,1,13892000.0
775,Apartment,1,4.0,Rural,1957,1,1,5661000.0
3750,Villa,5,2.5,Rural,2007,2,1,32365000.0
1219,Apartment,1,2.0,Downtown,1956,3,1,11156000.0
1210,Independent House,2,3.5,Suburban,2021,1,1,13449000.0
4294,Villa,4,2.0,Suburban,1970,1,1,36727000.0
133466,Agricultural Land,0,0.0,Rural,1950,0,0,15006000.0
1959,Penthouse,3,1.0,Suburban,1996,3,1,19920000.0
4763,Villa,3,2.0,Rural,1950,3,0,37134000.0
3056,Villa,5,2.5,Rural,1961,2,1,27134000.0
154243,Agricultural Land,0,0.0,Suburban,1950,0,0,19018000.0
1652,Apartment,3,3.0,Rural,2024,3,1,12256000.0
1313,Apartment,3,3.5,Rural,1997,1,0,9591000.0
1716,Apartment,2,1.5,Rural,1953,3,0,10077000.0
1440,Apartment,3,1.5,Suburban,1983,3,0,11391000.0
4715,Villa,5,1.0,Rural,1981,2,1,37905000.0
2487,Villa,5,2.5,Downtown,1952,1,1,27025000.0
1329,Independent House,2,2.5,Suburban,2017,3,1,14134000.0
694,Apartment,2,2.0,Downtown,2006,1,1,9258000.0
2584,Villa,3,2.0,Downtown,2025,2,1,27198000.0
1248,Apartment,2,3.5,Rural,1973,1,1,8648000.0
4200,Villa,4,3.5,Suburban,1982,3,0,36403000.0
1940,Independent House,4,1.5,Downtown,1952,3,0,17653000.0
1583,Apartment,3,2.5,Suburban,1953,2,0,12033000.0
1642,Apartment,1,2.5,Rural,1979,2,1,10274000.0
1245,Apartment,2,1.5,Rural,2019,2,1,8753000.0
2125,Penthouse,4,2.0,Downtown,1998,1,1,22321000.0
175323,Agricultural Land,0,0.0,Rural,1950,0,0,19098000.0
4563,Villa,5,1.5,Suburban,1979,1,1,38828000.0
1361,Apartment,3,1.5,Suburban,2021,1,0,11118000.0
2833,Independent House,4,2.5,Suburban,1965,1,1,22060000.0
4102,Villa,5,2.0,Rural,2002,2,0,34146000.0
2608,Penthouse,3,2.0,Rural,1955,1,1,21737000.0
1275,Apartment,1,2.0,Downtown,1973,1,1,10960000.0
691,Apartment,3,1.0,Suburban,1977,1,1,7739000.0
2892,Villa,5,2.5,Suburban,1970,1,0,28749000.0
1036,Independent House,4,2.0,Suburban,1957,2,0,12065000.0
739,Apartment,3,2.0,Suburban,1985,2,1,8505000.0
1466,Apartment,3,4.0,Suburban,1958,3,0,12328000.0
2201,Independent House,3,1.5,Suburban,1989,3,1,18888000.0
181947,Agricultural Land,0,0.0,Downtown,1950,0,0,23983000.0
173530,Agricultural Land,0,0.0,Suburban,1950,0,0,20624000.0
1136,Independent House,3,2.5,Suburban,2000,1,1,12852000.0
3237,Independent House,3,2.0,Suburban,1950,1,1,23510000.0
941,Apartment,2,3.0,Rural,2012,2,1,8393000.0
2582,Independent House,4,3.0,Downtown,2017,3,1,23391000.0
1971,Independent House,3,1.5,Suburban,2023,1,0,17477000.0
2461,Villa,4,2.5,Suburban,1975,3,1,24810000.0
3290,Independent House,2,1.0,Downtown,1989,3,0,24936000.0
1014,Apartment,2,4.0,Downtown,1952,3,1,10988000.0
1306,Apartment,2,1.5,Rural,1958,2,0,7919000.0
942,Apartment,3,3.0,Suburban,1981,1,1,9306000.0
1281,Apartment,2,1.5,Suburban,2016,1,0,10439000.0
1252,Apartment,2,2.5,Suburban,1953,2,0,10108000.0
188580,Agricultural Land,0,0.0,Rural,1950,0,0,21756000.0
1322,Independent House,4,4.0,Suburban,1955,2,1,14029000.0
3169,Independent House,3,3.0,Rural,2022,2,1,22847000.0
203134,Agricultural Land,0,0.0,Suburban,1950,0,0,24784000.0
88461,Agricultural Land,0,0.0,Suburban,1950,0,0,11432000.0
1600,Independent House,4,1.5,Downtown,1975,3,0,17079000.0
1974,Penthouse,4,2.0,Rural,1951,3,1,18027000.0
1169,Apartment,1,1.5,Suburban,2015,1,1,9168000.0
1174,Apartment,1,2.0,Suburban,1952,1,0,9376000.0
1346,Independent House,3,1.5,Downtown,1984,3,1,14651000.0
4667,Villa,3,1.5,Suburban,2008,3,1,40094000.0
3310,Villa,5,2.0,Downtown,1987,2,0,32401000.0
981,Apartment,2,1.5,Suburban,1982,3,1,9056000.0
671,Apartment,3,2.0,Rural,1964,1,1,5622000.0
4368,Villa,3,1.5,Suburban,2024,1,0,37410000.0
1532,Apartment,3,1.5,Downtown,2023,2,1,13688000.0
2117,Independent House,2,2.5,Rural,1963,2,1,16147000.0
3196,Villa,3,1.0,Rural,2015,1,1,27928000.0
4186,Villa,3,2.0,Suburban,1994,3,1,36039000.0
2960,Penthouse,3,2.0,Suburban,1997,3,0,25721000.0
35044,Agricultural Land,0,0.0,Rural,1950,0,0,4211000.0
2515,Independent House,2,2.0,Suburban,1993,1,1,19615000.0
3691,Villa,4,2.5,Suburban,1986,3,1,33976000.0
1839,Villa,3,2.0,Suburban,1978,3,1,21224000.0
1173,Apartment,2,1.5,Downtown,1983,1,0,11017000.0
1565,Apartment,2,3.0,Rural,2008,1,1,10363000.0
1180,Apartment,2,4.0,Suburban,1992,2,1,10562000.0
2900,Independent House,3,1.0,Suburban,1982,1,1,22299000.0
4017,Villa,5,2.0,Downtown,1968,2,1,37305000.0
3213,Penthouse,4,1.5,Suburban,1957,2,1,27447000.0
1300,Apartment,2,1.5,Suburban,1980,3,0,10842000.0
1110,Apartment,1,1.5,Suburban,1960,1,1,8992000.0
68217,Agricultural Land,0,0.0,Suburban,1950,0,0,9291000.0
1583,Apartment,2,2.5,Downtown,1957,3,1,13630000.0
1458,Independent House,2,1.5,Downtown,1974,1,1,14694000.0
2905,Independent House,4,3.5,Suburban,1969,1,1,23081000.0
3388,Independent House,3,2.0,Suburban,1987,3,1,25410000.0
656,Apartment,1,1.5,Downtown,1956,2,1,7703000.0
817,Apartment,3,2.5,Downtown,1988,1,1,10069000.0
1218,Apartment,3,1.0,Rural,2023,2,1,8649000.0
1815,Independent House,2,2.0,Downtown,2021,3,0,17217000.0
1246,Independent House,3,2.0,Rural,1969,3,1,10666000.0
1329,Apartment,3,1.5,Suburban,1960,1,1,10320000.0
4220,Villa,3,1.5,Suburban,1965,3,1,35878000.0
1916,Penthouse,4,1.0,Downtown,1991,1,1,21019000.0
1654,Apartment,3,1.5,Rural,2001,1,1,10948000.0
1367,Independent House,2,1.0,Downtown,1986,1,1,15000000.0
4406,Villa,5,4.0,Suburban,2001,1,0,38443000.0
707,Apartment,3,1.0,Downtown,1958,1,1,8401000.0
1183,Apartment,1,1.5,Rural,1984,3,0,7709000.0
2638,Villa,5,4.0,Rural,2016,1,1,25362000.0
29214,Agricultural Land,0,0.0,Suburban,1950,0,0,5340000.0
2320,Penthouse,3,2.5,Suburban,1956,2,1,21240000.0
2421,Independent House,3,2.0,Suburban,1951,1,0,18892000.0
2482,Villa,3,1.0,Rural,1974,1,1,22925000.0
1255,Independent House,3,2.5,Suburban,2025,1,1,14186000.0
4952,Villa,5,1.0,Rural,1990,3,1,40225000.0
1837,Independent House,2,2.5,Suburban,2024,2,1,16982000.0
1514,Apartment,1,4.0,Downtown,2001,2,0,13411000.0
4082,Villa,3,2.0,Downtown,2014,2,1,37039000.0
1552,Independent House,2,1.5,Suburban,1987,3,0,14581000.0
1180,Independent House,3,2.5,Suburban,2016,3,1,13618000.0
107082,Agricultural Land,0,0.0,Downtown,1950,0,0,15915000.0
1170,Apartment,2,2.0,Downtown,1991,1,1,11385000.0
1456,Apartment,3,2.0,Suburban,2020,3,1,13089000.0
1647,Apartment,3,2.0,Downtown,2003,2,1,14375000.0
2996,Penthouse,3,2.5,Downtown,2016,2,1,27788000.0
3223,Villa,5,2.0,Rural,2013,3,1,29389000.0
1547,Apartment,1,4.0,Suburban,1953,3,0,11808000.0
2391,Villa,4,3.0,Downtown,1980,2,0,25885000.0
3181,Independent House,3,1.5,Suburban,1962,2,1,23799000.0
1920,Penthouse,4,2.5,Rural,1976,2,1,17637000.0
3260,Independent House,3,1.5,Suburban,2008,2,0,24604000.0
1347,Independent House,4,2.5,Downtown,2014,2,1,16280000.0
102243,Agricultural Land,0,0.0,Rural,1950,0,0,11433000.0
947,Apartment,1,1.0,Suburban,2013,3,1,8903000.0
1448,Apartment,2,2.0,Suburban,1974,3,1,12279000.0
1397,Independent House,2,2.5,Suburban,1986,1,1,13530000.0
102557,Agricultural Land,0,0.0,Suburban,1950,0,0,13193000.0
2600,Independent House,2,1.5,Suburban,2024,1,0,19660000.0
907,Apartment,1,3.0,Rural,2022,1,1,7530000.0
1590,Apartment,1,2.5,Suburban,2020,3,1,12216000.0
1098,Independent House,3,2.0,Rural,1963,1,1,10191000.0
757,Apartment,2,2.0,Suburban,1973,1,1,8001000.0
4457,Villa,4,3.5,Suburban,2016,3,0,38914000.0
44415,Agricultural Land,0,0.0,Suburban,1950,0,0,6723000.0
3274,Independent House,4,1.5,Downtown,1997,2,1,26178000.0
3470,Independent House,3,2.5,Downtown,2014,3,0,27651000.0
3290,Independent House,4,2.5,Suburban,1987,3,1,25188000.0
1129,Apartment,3,3.5,Suburban,2019,2,1,10676000.0
76452,Agricultural Land,0,0.0,Downtown,1950,0,0,12166000.0
2495,Independent House,4,2.5,Suburban,2008,1,1,20687000.0
3418,Independent House,3,2.0,Downtown,1961,3,1,26244000.0
3678,Villa,4,3.5,Rural,2003,3,1,31967000.0
1733,Independent House,3,3.0,Downtown,2000,2,1,17717000.0
3750,Villa,5,2.5,Suburban,1987,3,0,33949000.0
691,Apartment,3,1.0,Suburban,1995,1,1,8785000.0
2545,Penthouse,3,2.0,Suburban,1959,2,1,23043000.0
212683,Agricultural Land,0,0.0,Downtown,1950,0,0,27966000.0
3015,Villa,5,2.5,Suburban,1958,3,1,29222000.0
69657,Agricultural Land,0,0.0,Rural,1950,0,0,7817000.0
778,Apartment,3,2.0,Suburban,2001,1,1,8518000.0
3285,Independent House,3,1.5,Suburban,2000,1,1,24415000.0
4724,Villa,3,1.0,Suburban,1971,3,1,39001000.0
1279,Independent House,2,2.0,Downtown,2022,1,0,13817000.0
2042,Independent House,2,1.5,Downtown,2021,2,1,18672000.0
1339,Apartment,2,1.5,Rural,2017,1,0,8522000.0
970,Apartment,1,2.0,Rural,1954,2,1,6368000.0
2800,Independent House,2,2.5,Suburban,1978,2,1,21460000.0
1735,Apartment,2,2.0,Suburban,1955,2,1,12501000.0
4717,Villa,3,1.5,Suburban,2018,3,1,40345000.0
1618,Apartment,3,1.0,Downtown,2007,1,1,13982000.0
820,Apartment,3,2.0,Suburban,1992,3,1,9181000.0
1303,Independent House,4,2.5,Rural,2018,3,1,13303000.0
2348,Independent House,4,2.5,Suburban,2021,2,0,19851000.0
113054,Agricultural Land,0,0.0,Suburban,1950,0,0,14686000.0
2193,Independent House,4,1.5,Downtown,1986,3,1,20320000.0
974,Apartment,3,2.0,Downtown,2007,1,1,10844000.0
3080,Penthouse,3,3.0,Suburban,1986,3,1,26873000.0
3428,Independent House,4,1.5,Rural,1975,3,1,23497000.0
1585,Apartment,3,2.0,Rural,1991,2,1,10878000.0
3061,Independent House,3,2.0,Rural,1965,2,1,21440000.0
103738,Agricultural Land,0,0.0,Suburban,1950,0,0,13422000.0
1499,Independent House,3,1.0,Suburban,1971,3,0,13636000.0
1164,Apartment,3,1.0,Rural,1972,2,1,8315000.0
1129,Apartment,2,2.0,Suburban,1996,3,1,10317000.0
1091,Apartment,2,1.0,Rural,2016,1,0,7162000.0
2219,Independent House,4,1.0,Suburban,1952,1,0,17901000.0
1754,Independent House,4,1.5,Suburban,1961,2,1,15950000.0
899,Apartment,2,1.0,Suburban,1972,1,1,8000000.0
81949,Agricultural Land,0,0.0,Suburban,1950,0,0,10948000.0
2226,Penthouse,3,2.0,Downtown,1960,1,1,22449000.0
1730,Independent House,4,1.0,Suburban,2001,3,0,16220000.0
2327,Penthouse,3,1.5,Rural,1999,2,1,19983000.0
1201,Apartment,3,2.5,Suburban,2006,1,1,11046000.0
2331,Independent House,3,2.5,Downtown,2013,2,1,21022000.0
3846,Villa,3,2.0,Suburban,1995,2,1,34005000.0
2775,Penthouse,4,1.0,Suburban,1978,2,1,24695000.0
2531,Penthouse,4,2.5,Suburban,2019,1,1,23864000.0
1367,Apartment,1,1.5,Suburban,1995,2,1,10182000.0
43417,Agricultural Land,0,0.0,Suburban,1950,0,0,6935000.0
1536,Apartment,1,1.0,Suburban,1965,2,1,11166000.0
40046,Agricultural Land,0,0.0,Downtown,1950,0,0,8867000.0
128274,Agricultural Land,0,0.0,Suburban,1950,0,0,16104000.0
1207,Apartment,1,2.5,Suburban,2000,3,1,10463000.0
3873,Villa,4,3.5,Downtown,1960,3,1,35683000.0
1234,Apartment,2,2.0,Suburban,1960,3,1,10492000.0
2209,Independent House,3,1.0,Suburban,2012,3,0,18641000.0
1483,Independent House,3,3.0,Rural,2002,2,1,13485000.0
2074,Independent House,3,1.0,Suburban,2007,3,1,17946000.0
154649,Agricultural Land,0,0.0,Suburban,1950,0,0,19334000.0
2388,Villa,3,3.0,Suburban,1968,3,1,24976000.0
3255,Independent House,3,2.0,Downtown,1981,1,1,25094000.0
1756,Penthouse,4,2.0,Suburban,1999,3,0,18509000.0
15064,Agricultural Land,0,0.0,Rural,1950,0,0,2161000.0
610,Apartment,1,2.0,Suburban,2021,3,1,7968000.0
18384,Agricultural Land,0,0.0,Suburban,1950,0,0,4268000.0
1535,Apartment,2,3.5,Downtown,2004,1,1,13636000.0
1531,Penthouse,4,3.0,Rural,2025,2,0,15629000.0
1139,Apartment,3,2.0,Rural,1990,2,1,8551000.0
1604,Apartment,1,2.5,Downtown,2019,1,0,13398000.0
1386,Independent House,3,2.0,Suburban,1970,1,1,13045000.0
3051,Villa,4,2.5,Downtown,1975,2,0,30200000.0
2790,Independent House,3,3.0,Suburban,1950,3,1,22094000.0
806,Apartment,3,1.0,Downtown,1976,1,1,9760000.0
2818,Independent House,2,1.5,Downtown,1999,1,1,22799000.0
51959,Agricultural Land,0,0.0,Downtown,1950,0,0,9889000.0
3395,Independent House,3,3.5,Rural,2015,1,0,23358000.0
1392,Apartment,2,3.5,Rural,2014,2,1,9581000.0
3281,Independent House,3,1.0,Downtown,1959,2,1,25469000.0
1667,Apartment,3,1.5,Suburban,1986,2,1,13096000.0
2505,Penthouse,4,4.0,Downtown,2018,2,1,25346000.0
2236,Penthouse,3,2.0,Downtown,1990,2,0,22525000.0
1941,Independent House,2,2.0,Rural,1995,3,1,15302000.0
2165,Independent House,2,1.5,Downtown,1994,3,1,19081000.0
3171,Penthouse,4,3.0,Suburban,1976,2,0,27799000.0
3223,Independent House,2,1.5,Suburban,2014,2,1,23818000.0
3177,Penthouse,4,1.5,Downtown,1957,2,1,27485000.0
2248,Villa,4,1.5,Suburban,2016,1,0,23800000.0
2091,Penthouse,3,3.5,Rural,1998,1,0,18648000.0
1081,Independent House,4,2.5,Suburban,1963,2,1,12508000.0
3182,Independent House,4,2.5,Downtown,2011,2,1,26021000.0
196153,Agricultural Land,0,0.0,Rural,1950,0,0,21541000.0
2406,Independent House,3,2.0,Rural,1992,1,1,17075000.0
3280,Villa,5,3.5,Downtown,1976,1,1,32550000.0
1039,Apartment,1,2.5,Suburban,1976,1,1,9166000.0
2879,Villa,4,2.5,Downtown,2017,1,1,29431000.0
1418,Independent House,4,4.0,Suburban,2024,1,1,15911000.0
687,Apartment,1,2.0,Suburban,1997,2,1,7623000.0
1255,Apartment,1,2.5,Downtown,2016,2,1,12169000.0
4879,Villa,4,3.5,Downtown,1974,1,1,41983000.0
3000,Penthouse,4,2.5,Suburban,2013,2,1,26119000.0
1214,Independent House,4,2.0,Suburban,1973,1,1,13337000.0
1151,Apartment,3,1.0,Suburban,1958,1,0,9596000.0
3320,Villa,5,2.5,Suburban,1957,1,0,31113000.0
1102,Apartment,2,2.0,Downtown,2008,2,1,11048000.0
3292,Independent House,4,1.5,Suburban,1966,2,1,24070000.0
908,Apartment,3,3.0,Downtown,1992,2,1,10678000.0
830,Apartment,1,1.5,Rural,2017,2,1,6679000.0
754,Apartment,1,2.0,Suburban,1953,3,0,6748000.0
2198,Independent House,2,2.5,Downtown,1957,1,0,18722000.0
1447,Apartment,3,2.0,Downtown,1991,1,1,12849000.0
1114,Independent House,3,1.0,Downtown,1998,2,0,13283000.0
2413,Independent House,2,2.0,Downtown,1955,2,1,19968000.0
1310,Independent House,3,1.0,Suburban,2022,3,1,14402000.0
1992,Independent House,4,1.5,Rural,1991,1,1,15045000.0
1799,Penthouse,4,1.0,Suburban,2021,1,1,19380000.0
1641,Apartment,3,1.5,Suburban,1981,2,0,12519000.0
1011,Independent House,2,1.5,Suburban,1964,2,0,10860000.0
831,Apartment,2,2.0,Suburban,2018,3,1,9667000.0
1554,Apartment,1,3.5,Downtown,1976,1,1,12430000.0
3013,Independent House,4,2.0,Downtown,2015,3,1,25451000.0
1729,Independent House,3,2.5,Rural,2008,1,0,13550000.0
117975,Agricultural Land,0,0.0,Rural,1950,0,0,13040000.0
3036,Independent House,2,2.0,Downtown,1977,2,1,24015000.0
41256,Agricultural Land,0,0.0,Downtown,1950,0,0,9152000.0
1140,Apartment,3,2.5,Suburban,1973,3,0,10036000.0
1069,Apartment,1,2.5,Suburban,2000,2,0,9577000.0
1412,Apartment,2,2.0,Suburban,1970,1,1,10886000.0
676,Apartment,2,1.5,Downtown,1980,1,1,8424000.0
1023,Independent House,3,1.5,Rural,2024,3,1,10146000.0
2838,Villa,4,2.5,Suburban,1999,2,0,27646000.0
1275,Apartment,2,2.0,Downtown,1989,1,1,11404000.0
159377,Agricultural Land,0,0.0,Suburban,1950,0,0,19165000.0
1671,Penthouse,3,3.0,Downtown,2017,1,1,19484000.0
1311,Apartment,1,1.5,Suburban,1965,3,1,10326000.0
1088,Apartment,1,1.0,Suburban,2025,3,1,9758000.0
977,Apartment,1,2.0,Suburban,2012,2,1,9304000.0
1787,Apartment,3,3.0,Suburban,2005,3,0,14443000.0
971,Apartment,3,2.0,Downtown,1973,1,0,9986000.0
1756,Independent House,2,2.5,Suburban,1977,2,1,15539000.0
1076,Apartment,3,1.5,Suburban,1980,2,1,9669000.0
3429,Independent House,4,2.0,Suburban,1964,2,1,24591000.0
47567,Agricultural Land,0,0.0,Downtown,1950,0,0,9342000.0
3579,Villa,4,2.5,Suburban,1991,1,1,33115000.0
78356,Agricultural Land,0,0.0,Suburban,1950,0,0,10640000.0
943,Apartment,1,3.0,Suburban,1999,3,0,8993000.0
1672,Independent House,4,1.0,Suburban,1954,2,1,15552000.0
3438,Independent House,4,2.0,Suburban,1997,1,0,25244000.0
858,Apartment,1,2.5,Rural,1962,3,0,6509000.0
906,Apartment,2,1.0,Downtown,1981,2,1,9833000.0
2918,Villa,3,2.5,Suburban,2016,3,0,28754000.0
4797,Villa,4,2.0,Suburban,1979,3,1,40707000.0
1245,Independent House,4,1.5,Suburban,1955,3,1,13541000.0
2658,Independent House,3,3.0,Suburban,1974,1,0,20661000.0
1186,Independent House,3,1.5,Rural,1977,2,0,10763000.0
1524,Apartment,1,4.0,Suburban,2011,2,1,12906000.0
1384,Apartment,3,3.0,Rural,1971,2,1,9856000.0
1007,Apartment,1,2.5,Downtown,2017,1,1,10558000.0
1748,Apartment,1,1.0,Suburban,1964,3,1,12651000.0
201685,Agricultural Land,0,0.0,Suburban,1950,0,0,24044000.0
1562,Independent House,4,3.5,Suburban,1975,1,0,15591000.0
2450,Villa,3,2.5,Suburban,2012,2,1,25192000.0
1551,Apartment,1,1.5,Suburban,1967,3,1,11552000.0
2193,Independent House,3,2.0,Suburban,2022,1,1,19036000.0
1662,Apartment,1,1.5,Suburban,2012,1,1,11633000.0
668,Apartment,3,4.0,Suburban,2011,1,0,8583000.0
980,Apartment,1,3.0,Suburban,2017,1,0,9156000.0
1556,Penthouse,4,3.5,Suburban,1997,3,1,18235000.0
3100,Villa,3,2.5,Downtown,1999,1,1,30316000.0
2122,Independent House,2,2.0,Suburban,2012,3,0,17761000.0
1915,Independent House,2,1.5,Suburban,2018,1,1,16435000.0
83246,Agricultural Land,0,0.0,Downtown,1950,0,0,13333000.0
1060,Apartment,2,1.5,Downtown,1955,2,1,10124000.0
778,Apartment,3,1.5,Downtown,2007,1,1,9996000.0
1443,Apartment,3,2.0,Rural,2000,1,1,9661000.0
2073,Penthouse,4,3.5,Suburban,1961,2,0,20785000.0
174695,Agricultural Land,0,0.0,Downtown,1950,0,0,23233000.0
1148,Apartment,2,4.0,Rural,1996,3,0,8276000.0
97868,Agricultural Land,0,0.0,Downtown,1950,0,0,15000000.0
1525,Penthouse,3,1.5,Downtown,1958,1,1,17324000.0
1631,Apartment,3,2.5,Rural,1956,1,0,10035000.0
1968,Independent House,3,2.0,Rural,1978,2,1,14973000.0
3010,Independent House,4,2.0,Suburban,2000,3,0,23077000.0
172084,Agricultural Land,0,0.0,Suburban,1950,0,0,20555000.0
748,Apartment,1,2.5,Suburban,2004,2,0,8266000.0
3011,Penthouse,4,2.0,Rural,2008,1,0,24372000.0
1648,Apartment,3,3.5,Suburban,2005,3,1,13302000.0
2454,Villa,5,2.5,Downtown,1971,1,1,26340000.0
2954,Independent House,2,2.5,Suburban,1967,2,1,22722000.0
1554,Independent House,3,1.5,Rural,2007,1,1,12947000.0
1924,Penthouse,4,1.5,Rural,1989,2,1,17684000.0
1792,Penthouse,4,2.0,Suburban,1980,2,0,18744000.0
121898,Agricultural Land,0,0.0,Suburban,1950,0,0,15488000.0
1030,Apartment,3,2.5,Downtown,2005,3,1,11676000.0
4451,Villa,3,3.5,Suburban,1984,2,1,38024000.0
916,Apartment,3,2.0,Suburban,1975,3,0,8550000.0
1397,Independent House,2,2.5,Downtown,2017,3,0,15406000.0
2347,Independent House,4,2.0,Rural,1983,3,1,17350000.0
2588,Independent House,4,1.5,Rural,2025,3,1,19462000.0
1595,Independent House,2,2.5,Downtown,1965,3,1,15981000.0
162205,Agricultural Land,0,0.0,Rural,1950,0,0,17825000.0
1464,Apartment,2,2.5,Suburban,1991,2,1,11972000.0
3743,Villa,3,1.5,Suburban,1954,2,0,32439000.0
1915,Independent House,3,1.5,Rural,2010,3,1,15520000.0
1308,Apartment,3,2.0,Downtown,1993,2,0,11705000.0
1085,Apartment,3,1.5,Suburban,1984,3,0,10168000.0
176873,Agricultural Land,0,0.0,Suburban,1950,0,0,21732000.0
146533,Agricultural Land,0,0.0,Suburban,1950,0,0,18104000.0
91940,Agricultural Land,0,0.0,Suburban,1950,0,0,12694000.0
116106,Agricultural Land,0,0.0,Downtown,1950,0,0,17274000.0
1675,Apartment,1,3.5,Suburban,1950,2,1,12255000.0
2244,Independent House,2,2.0,Downtown,1992,3,0,20076000.0
3251,Villa,4,1.0,Downtown,1981,1,1,31179000.0
2166,Independent House,3,1.5,Downtown,2012,1,0,19005000.0
3028,Independent House,3,3.5,Suburban,1982,3,0,23606000.0
1362,Independent House,2,2.5,Rural,2015,2,0,12250000.0
3429,Independent House,4,2.5,Rural,1979,3,1,23472000.0
3318,Independent House,2,1.0,Rural,1959,2,1,21668000.0
1637,Apartment,3,3.0,Rural,1972,3,1,10969000.0
3345,Independent House,2,2.0,Downtown,1988,3,1,25571000.0
1233,Independent House,2,2.5,Suburban,1994,2,1,13050000.0
2731,Independent House,3,3.5,Suburban,1978,2,0,21247000.0
626,Apartment,3,1.0,Downtown,1979,3,1,9179000.0
3294,Villa,3,2.0,Suburban,1983,1,1,30305000.0
692,Apartment,1,1.0,Suburban,2001,1,1,7375000.0
1308,Independent House,4,2.0,Rural,1971,1,1,11709000.0
1551,Penthouse,3,1.5,Suburban,1954,1,1,17030000.0
1318,Independent House,4,3.5,Rural,1960,1,1,12549000.0
780,Apartment,2,2.0,Downtown,1981,2,1,9699000.0
3392,Villa,4,2.5,Downtown,1973,1,0,31897000.0
1646,Independent House,4,3.0,Rural,1960,2,1,13907000.0
3408,Penthouse,4,4.0,Downtown,1960,1,1,29977000.0
3761,Villa,5,2.0,Suburban,1966,2,0,33793000.0
3083,Villa,3,2.0,Suburban,1981,1,0,28196000.0
3244,Independent House,2,1.0,Rural,1976,1,1,21628000.0
1244,Apartment,3,1.0,Downtown,1981,2,1,11868000.0
1570,Apartment,1,2.5,Downtown,2010,2,0,13106000.0
3302,Independent House,3,1.0,Suburban,1974,3,1,24436000.0
3024,Independent House,2,2.0,Suburban,2013,1,1,23292000.0
1335,Independent House,2,1.0,Suburban,2013,1,1,14169000.0
1589,Apartment,3,2.5,Rural,1977,2,1,10662000.0
1499,Apartment,2,2.0,Suburban,1989,2,1,11644000.0
2278,Independent House,2,1.0,Rural,1963,1,1,15932000.0
1113,Apartment,1,1.5,Downtown,1991,1,0,10352000.0
3829,Villa,5,2.0,Suburban,1988,2,1,34643000.0
841,Apartment,3,2.5,Rural,1951,2,0,6475000.0
3196,Independent House,3,2.0,Suburban,1950,1,0,23075000.0
64749,Agricultural Land,0,0.0,Downtown,1950,0,0,11827000.0
1356,Apartment,1,3.0,Rural,1981,2,1,8900000.0
3259,Independent House,4,1.0,Suburban,2013,2,0,24772000.0
1267,Apartment,3,1.0,Rural,1980,1,1,8089000.0
2393,Villa,5,1.0,Downtown,2007,3,1,26469000.0
3178,Independent House,3,2.0,Suburban,1963,2,0,23473000.0
1255,Independent House,4,2.5,Rural,2018,3,0,12134000.0
2502,Independent House,3,1.0,Suburban,1965,2,1,20106000.0
105634,Agricultural Land,0,0.0,Downtown,1950,0,0,16000000.0
662,Apartment,2,2.5,Downtown,2018,3,1,10116000.0
1006,Apartment,1,2.0,Downtown,2003,2,1,10661000.0
170959,Agricultural Land,0,0.0,Suburban,1950,0,0,20561000.0
2860,Independent House,2,4.0,Suburban,1962,3,0,21916000.0
121184,Agricultural Land,0,0.0,Downtown,1950,0,0,17591000.0
1258,Independent House,3,2.5,Downtown,1980,3,1,15237000.0
2222,Penthouse,3,2.5,Suburban,2018,2,0,21449000.0
2282,Independent House,2,2.0,Suburban,1970,3,1,18650000.0
2413,Villa,5,4.0,Suburban,1979,1,0,25163000.0
92951,Agricultural Land,0,0.0,Suburban,1950,0,0,12261000.0
2694,Independent House,2,4.0,Rural,1972,1,1,19277000.0
1668,Apartment,2,2.0,Downtown,1987,1,1,13861000.0
1412,Apartment,1,2.0,Suburban,1978,3,1,11070000.0
930,Apartment,3,2.0,Suburban,1981,2,1,8786000.0
764,Apartment,2,2.0,Downtown,2011,3,1,10082000.0
1688,Apartment,1,2.0,Suburban,1994,2,0,12211000.0
1386,Independent House,3,1.5,Rural,1998,3,1,12370000.0
2518,Independent House,2,3.5,Downtown,1982,2,0,21210000.0
2817,Independent House,4,2.0,Downtown,1953,3,1,23421000.0
3617,Villa,3,3.0,Suburban,1967,3,1,32110000.0
1653,Apartment,2,2.0,Suburban,2019,1,0,12506000.0
927,Apartment,2,2.5,Suburban,2013,3,1,9432000.0
919,Apartment,2,1.5,Suburban,1977,1,1,8966000.0
1398,Independent House,2,2.5,Rural,2007,2,1,12235000.0
704,Apartment,1,2.0,Downtown,2005,2,1,8872000.0
1295,Apartment,1,2.0,Downtown,1969,1,1,10939000.0
1329,Independent House,4,3.0,Downtown,1983,3,1,15499000.0
2159,Penthouse,4,1.0,Suburban,1959,2,1,20519000.0
1670,Apartment,3,2.0,Suburban,1971,3,1,13030000.0
4446,Villa,5,1.5,Rural,1954,3,1,35914000.0
2620,Villa,4,3.0,Suburban,1993,3,0,26669000.0
3472,Penthouse,4,1.5,Suburban,1958,2,1,29004000.0
216370,Agricultural Land,0,0.0,Downtown,1950,0,0,28432000.0
913,Apartment,2,2.5,Suburban,1992,2,1,9096000.0
1770,Apartment,2,1.5,Downtown,1953,3,1,13999000.0
57440,Agricultural Land,0,0.0,Rural,1950,0,0,6320000.0
2607,Independent House,3,2.0,Suburban,1991,1,0,20019000.0
2675,Independent House,2,3.0,Downtown,2014,1,1,22269000.0
4257,Villa,4,1.5,Suburban,1990,1,0,35884000.0
3874,Villa,3,2.5,Downtown,2013,3,0,35119000.0
115656,Agricultural Land,0,0.0,Suburban,1950,0,0,14813000.0
143370,Agricultural Land,0,0.0,Downtown,1950,0,0,20147000.0
2184,Villa,5,1.5,Suburban,2004,1,1,24135000.0
659,Apartment,3,2.0,Suburban,1967,2,1,8348000.0
46347,Agricultural Land,0,0.0,Suburban,1950,0,0,7153000.0
1370,Apartment,3,2.0,Suburban,1965,1,1,10823000.0
1163,Apartment,3,2.0,Downtown,1995,1,1,11388000.0
183114,Agricultural Land,0,0.0,Suburban,1950,0,0,21830000.0
695,Apartment,3,2.5,Suburban,1985,3,1,8707000.0
1588,Apartment,2,2.5,Suburban,2015,2,1,12502000.0
1712,Apartment,2,1.5,Rural,1993,2,1,10387000.0
189015,Agricultural Land,0,0.0,Downtown,1950,0,0,25218000.0
3278,Independent House,3,2.0,Suburban,1954,1,1,24185000.0
2767,Villa,5,1.0,Suburban,1978,3,1,27298000.0
874,Apartment,3,2.5,Suburban,1953,3,1,9096000.0
1745,Penthouse,3,3.0,Suburban,1998,1,1,19084000.0
1610,Penthouse,4,1.5,Downtown,2021,2,1,19767000.0
833,Apartment,2,1.5,Suburban,1957,2,1,7881000.0
3464,Independent House,4,1.0,Downtown,2001,2,1,27480000.0
1277,Apartment,3,4.0,Suburban,2018,3,1,12411000.0
94281,Agricultural Land,0,0.0,Suburban,1950,0,0,12858000.0
2602,Villa,5,3.0,Downtown,1970,1,0,27299000.0
177859,Agricultural Land,0,0.0,Suburban,1950,0,0,21308000.0
1306,Apartment,1,2.0,Downtown,1976,3,1,11819000.0
2350,Penthouse,3,2.0,Suburban,1987,2,1,21671000.0
2917,Penthouse,3,1.5,Suburban,1954,3,1,25423000.0
4322,Villa,3,2.0,Suburban,2010,2,1,37197000.0
135526,Agricultural Land,0,0.0,Rural,1950,0,0,15225000.0
1110,Independent House,3,2.5,Suburban,1957,1,1,12813000.0
689,Apartment,3,2.0,Downtown,1967,2,0,8815000.0
2562,Villa,3,3.0,Rural,1953,1,1,23289000.0
3103,Villa,5,2.0,Downtown,1953,3,1,30715000.0
2356,Independent House,3,1.0,Suburban,1986,3,1,19346000.0
1724,Apartment,2,2.5,Rural,1964,3,0,10598000.0
3179,Independent House,2,2.0,Suburban,1987,2,0,23628000.0
1636,Apartment,2,3.5,Downtown,1976,1,0,13706000.0
2464,Independent House,3,2.0,Downtown,1997,3,1,21498000.0
1897,Villa,4,2.0,Downtown,1995,3,1,23207000.0
2943,Villa,5,2.5,Suburban,1995,1,1,28744000.0
892,Apartment,3,2.0,Downtown,1997,2,0,10720000.0
2839,Independent House,2,2.0,Suburban,2008,3,0,21145000.0
1624,Apartment,1,4.0,Suburban,1953,2,0,11646000.0
1171,Apartment,2,1.5,Rural,2024,2,1,8712000.0
1749,Penthouse,4,1.5,Rural,1968,2,0,16438000.0
53401,Agricultural Land,0,0.0,Rural,1950,0,0,6455000.0
3091,Independent House,3,3.0,Downtown,2006,3,1,25373000.0
3406,Penthouse,4,1.0,Suburban,1968,3,1,28325000.0
209588,Agricultural Land,0,0.0,Suburban,1950,0,0,25047000.0
2567,Penthouse,3,1.5,Downtown,1991,1,1,24610000.0
1701,Apartment,2,2.0,Suburban,1954,1,1,12028000.0
32150,Agricultural Land,0,0.0,Rural,1950,0,0,3718000.0
2816,Independent House,2,1.5,Downtown,1997,2,1,22737000.0
852,Apartment,3,4.0,Downtown,1974,3,1,11202000.0
731,Apartment,2,2.0,Downtown,2016,2,1,9352000.0
2907,Independent House,3,2.0,Suburban,1975,1,0,21081000.0
1073,Apartment,2,1.5,Rural,2023,2,1,8064000.0
1732,Apartment,3,1.5,Downtown,2011,2,1,14857000.0
1305,Apartment,3,2.5,Suburban,1956,3,1,11058000.0
2558,Penthouse,4,2.0,Rural,1993,2,1,21213000.0
212317,Agricultural Land,0,0.0,Suburban,1950,0,0,25550000.0
874,Apartment,1,2.5,Suburban,1976,2,0,8049000.0
16158,Agricultural Land,0,0.0,Downtown,1950,0,0,6145000.0
112832,Agricultural Land,0,0.0,Suburban,1950,0,0,14323000.0
1763,Penthouse,4,1.5,Suburban,1991,3,1,18382000.0
1121,Apartment,3,2.5,Suburban,2022,3,1,11217000.0
4810,Villa,4,1.5,Downtown,2005,1,1,41871000.0
156543,Agricultural Land,0,0.0,Downtown,1950,0,0,21461000.0
2582,Villa,4,2.0,Suburban,1952,3,1,25569000.0
1710,Apartment,3,2.5,Suburban,1962,2,0,13279000.0
1534,Independent House,2,1.0,Rural,2019,1,1,12632000.0
2009,Villa,4,2.0,Rural,2008,1,1,20045000.0
3093,Independent House,2,1.0,Downtown,1987,1,1,24596000.0
625,Apartment,1,2.0,Rural,2017,1,1,5270000.0
774,Apartment,3,2.5,Downtown,2018,2,1,10806000.0
3039,Penthouse,4,1.0,Suburban,1950,2,0,25781000.0
122853,Agricultural Land,0,0.0,Suburban,1950,0,0,15620000.0
1758,Apartment,2,3.5,Downtown,1999,2,1,15219000.0
44333,Agricultural Land,0,0.0,Downtown,1950,0,0,8630000.0
1779,Apartment,2,2.0,Suburban,2022,2,1,13775000.0
3672,Villa,3,3.5,Suburban,1958,1,0,32288000.0
2167,Penthouse,3,1.0,Suburban,2002,2,1,21648000.0
1646,Penthouse,4,3.5,Suburban,1959,1,1,17480000.0
38786,Agricultural Land,0,0.0,Rural,1950,0,0,4560000.0
619,Apartment,3,1.0,Suburban,1978,3,1,7922000.0
217569,Agricultural Land,0,0.0,Suburban,1950,0,0,25753000.0
1506,Apartment,3,2.0,Suburban,1985,2,1,12121000.0
4791,Villa,3,3.5,Downtown,1976,3,1,41640000.0
2710,Villa,3,1.5,Downtown,1967,3,0,27052000.0
2200,Villa,4,1.0,Suburban,1967,2,0,22575000.0
1549,Apartment,3,2.5,Suburban,1958,1,1,11958000.0
152266,Agricultural Land,0,0.0,Rural,1950,0,0,17152000.0
1066,Apartment,1,2.0,Downtown,2016,3,0,10662000.0
1581,Apartment,3,2.0,Downtown,1956,2,1,12709000.0
3710,Villa,3,1.0,Downtown,2007,3,0,34171000.0
1100,Independent House,3,2.5,Downtown,1979,3,1,14058000.0
2050,Penthouse,3,1.5,Suburban,2022,2,1,20516000.0
3400,Independent House,2,3.5,Rural,2010,3,1,23708000.0
895,Apartment,3,2.5,Suburban,1966,1,0,8940000.0
1852,Penthouse,3,2.5,Suburban,2002,1,0,18891000.0
2018,Independent House,2,1.5,Suburban,1955,3,1,17179000.0
1779,Apartment,1,3.0,Downtown,1988,3,1,14588000.0
2897,Villa,5,2.0,Rural,1974,2,0,25786000.0
1979,Independent House,2,3.0,Suburban,1991,1,0,17161000.0
3155,Villa,4,1.5,Downtown,1991,3,1,30770000.0
1738,Independent House,4,2.5,Suburban,2008,1,1,15953000.0
2476,Penthouse,4,2.0,Suburban,1987,3,0,23130000.0
2871,Penthouse,4,1.0,Downtown,1980,2,0,26316000.0
4080,Villa,5,2.0,Downtown,1978,2,1,37465000.0
1623,Apartment,1,1.5,Suburban,1958,1,1,11049000.0
1601,Penthouse,4,2.0,Downtown,1950,1,1,18550000.0
2752,Villa,5,2.0,Downtown,2021,3,0,28592000.0
2280,Villa,3,2.0,Suburban,1996,3,1,24227000.0
2237,Independent House,4,2.5,Suburban,2025,3,1,19955000.0
165153,Agricultural Land,0,0.0,Suburban,1950,0,0,20330000.0
2772,Villa,5,2.0,Rural,1959,1,1,25413000.0
1303,Apartment,3,1.0,Suburban,1965,2,0,10594000.0
3382,Independent House,2,2.5,Suburban,1996,2,0,24279000.0
149649,Agricultural Land,0,0.0,Rural,1950,0,0,16509000.0
1474,Apartment,2,3.5,Suburban,1992,1,1,11612000.0
160004,Agricultural Land,0,0.0,Downtown,1950,0,0,21138000.0
4211,Villa,4,1.5,Suburban,1973,2,1,36646000.0
3907,Villa,5,1.5,Suburban,1957,1,1,34596000.0
1159,Apartment,3,2.0,Suburban,2024,3,1,10923000.0
716,Apartment,1,2.5,Rural,1975,1,1,5276000.0
164006,Agricultural Land,0,0.0,Suburban,1950,0,0,20031000.0
1514,Apartment,3,2.5,Rural,1956,2,1,9849000.0
2467,Penthouse,3,2.5,Downtown,1964,1,0,23675000.0
2568,Independent House,4,1.0,Suburban,1997,1,1,20522000.0
643,Apartment,2,3.0,Rural,1952,1,1,5107000.0
1108,Apartment,3,2.0,Downtown,1965,1,1,11178000.0
3011,Independent House,3,1.5,Downtown,1963,2,1,23569000.0
193409,Agricultural Land,0,0.0,Suburban,1950,0,0,23487000.0
2315,Independent House,2,1.0,Suburban,2024,3,1,19253000.0
1848,Independent House,2,2.0,Downtown,1952,2,1,17361000.0
1516,Apartment,2,2.5,Suburban,2022,2,1,12765000.0
1798,Independent House,3,2.5,Downtown,2019,3,1,17901000.0
1875,Independent House,3,4.0,Suburban,1980,2,1,17242000.0
89949,Agricultural Land,0,0.0,Rural,1950,0,0,10080000.0
1818,Independent House,3,1.5,Downtown,2024,3,1,18178000.0
3168,Independent House,4,4.0,Downtown,1966,3,0,25964000.0
1544,Apartment,2,2.5,Suburban,1998,1,1,12108000.0
53612,Agricultural Land,0,0.0,Suburban,1950,0,0,7482000.0
1617,Apartment,2,2.0,Downtown,1952,2,1,13048000.0
1506,Apartment,2,3.0,Suburban,2004,3,1,12317000.0
1812,Villa,5,2.5,Rural,2021,2,1,19881000.0
1602,Independent House,4,1.5,Suburban,1989,2,1,15550000.0
1199,Independent House,4,3.0,Suburban,2015,3,1,14015000.0
2791,Independent House,2,2.5,Suburban,1989,1,1,21627000.0
2979,Penthouse,3,2.5,Suburban,1979,3,1,26553000.0
1047,Apartment,2,3.0,Downtown,1974,1,1,10817000.0
3311,Penthouse,3,2.0,Suburban,1956,3,0,27624000.0
2640,Villa,5,2.5,Rural,1999,3,0,24725000.0
1589,Independent House,3,2.5,Downtown,1950,1,1,16171000.0
2153,Independent House,4,2.0,Suburban,1993,1,1,18969000.0
1488,Apartment,1,1.0,Downtown,1998,2,1,12886000.0
1542,Penthouse,4,2.5,Suburban,1956,3,1,17374000.0
1519,Independent House,4,1.0,Suburban,1952,2,1,14900000.0
1636,Apartment,1,2.5,Suburban,1950,2,1,12356000.0
1724,Independent House,2,3.5,Suburban,2000,1,1,15789000.0
68835,Agricultural Land,0,0.0,Downtown,1950,0,0,12082000.0
1802,Independent House,2,1.5,Suburban,1987,1,0,15257000.0
96269,Agricultural Land,0,0.0,Suburban,1950,0,0,12183000.0
1126,Apartment,2,1.0,Downtown,1992,2,1,10995000.0
1738,Apartment,3,1.5,Rural,2004,1,1,11047000.0
1059,Apartment,1,2.0,Downtown,2006,3,1,10964000.0
1931,Independent House,2,3.5,Suburban,2002,1,1,16345000.0
924,Apartment,3,2.0,Suburban,1982,1,1,9284000.0
1178,Apartment,2,1.0,Suburban,2011,3,1,10467000.0
203491,Agricultural Land,0,0.0,Downtown,1950,0,0,26909000.0
2350,Penthouse,4,2.5,Suburban,1960,1,1,21907000.0
3337,Villa,3,2.5,Downtown,2021,2,1,32937000.0
1795,Apartment,2,2.0,Suburban,2001,2,1,13297000.0
1559,Apartment,3,2.5,Suburban,1950,2,1,12192000.0
1101,Apartment,2,1.5,Suburban,1963,1,1,9021000.0
3800,Villa,5,2.5,Rural,1970,1,1,32144000.0
45003,Agricultural Land,0,0.0,Rural,1950,0,0,5231000.0
1474,Independent House,2,1.5,Suburban,1983,1,0,13408000.0
1677,Apartment,3,1.5,Suburban,1963,2,0,12558000.0
2481,Independent House,2,3.0,Downtown,1989,1,0,20595000.0
1231,Apartment,3,2.0,Rural,1984,3,1,9407000.0
1702,Independent House,4,1.5,Rural,1991,1,0,13217000.0
4256,Villa,4,3.5,Downtown,1969,2,0,38047000.0
2781,Villa,5,2.5,Suburban,2009,3,1,29148000.0
1158,Apartment,1,1.5,Rural,1958,3,1,6861000.0
821,Apartment,3,2.5,Downtown,1982,2,1,10486000.0
149086,Agricultural Land,0,0.0,Suburban,1950,0,0,18494000.0
947,Apartment,1,3.0,Suburban,1998,3,0,9030000.0
1782,Apartment,1,2.5,Suburban,2017,3,1,13862000.0
1488,Apartment,3,1.5,Downtown,1953,3,0,12832000.0
1521,Apartment,2,2.5,Downtown,1997,3,1,13501000.0
2258,Independent House,4,2.5,Downtown,1965,3,1,20303000.0
2161,Penthouse,3,3.0,Rural,1996,1,1,18991000.0
1004,Apartment,2,1.5,Suburban,1975,2,1,9120000.0
2280,Independent House,2,2.5,Suburban,2019,2,1,19140000.0
2476,Villa,5,1.0,Suburban,1986,1,1,25087000.0
1588,Independent House,3,2.5,Downtown,1971,1,0,15906000.0
63289,Agricultural Land,0,0.0,Rural,1950,0,0,6966000.0
121215,Agricultural Land,0,0.0,Rural,1950,0,0,13574000.0
1670,Apartment,2,4.0,Suburban,1956,2,0,13062000.0
2736,Penthouse,3,1.5,Suburban,1991,2,1,24589000.0
2594,Independent House,3,1.5,Suburban,1979,1,1,20328000.0
125014,Agricultural Land,0,0.0,Suburban,1950,0,0,15397000.0
1703,Independent House,2,2.0,Downtown,2023,1,1,16985000.0
206871,Agricultural Land,0,0.0,Suburban,1950,0,0,25292000.0
2320,Penthouse,4,2.5,Rural,1955,3,1,19903000.0
1767,Apartment,3,1.5,Downtown,1973,1,1,13524000.0
1857,Independent House,3,2.5,Suburban,2015,1,0,16763000.0
31934,Agricultural Land,0,0.0,Downtown,1950,0,0,8274000.0
66957,Agricultural Land,0,0.0,Downtown,1950,0,0,12030000.0
869,Apartment,3,3.0,Suburban,1989,3,1,10136000.0
4787,Villa,4,2.5,Downtown,1964,3,1,41322000.0
1473,Apartment,2,2.5,Rural,2002,2,0,9600000.0
651,Apartment,3,2.0,Suburban,1954,2,1,7833000.0
3163,Independent House,3,3.5,Downtown,1985,1,0,24249000.0
1137,Apartment,3,1.5,Suburban,2023,3,1,10950000.0
3088,Penthouse,3,1.5,Suburban,1995,3,0,26233000.0
1140,Apartment,1,2.0,Downtown,1972,2,0,10412000.0
2542,Penthouse,3,2.5,Suburban,1994,2,0,23235000.0
1414,Apartment,1,3.0,Suburban,1959,1,0,10394000.0
1390,Apartment,3,1.0,Downtown,2003,3,1,12681000.0
1217,Apartment,2,3.0,Rural,2019,2,1,9331000.0
1018,Apartment,3,3.0,Downtown,1981,1,1,10728000.0
908,Apartment,2,2.0,Downtown,1992,1,1,10029000.0
1463,Apartment,1,2.5,Suburban,1964,1,1,10716000.0
1185,Independent House,3,1.5,Downtown,2015,2,1,14628000.0
860,Apartment,3,1.5,Suburban,1964,2,1,8249000.0
2551,Independent House,3,3.0,Suburban,1969,2,1,20529000.0
2296,Independent House,2,2.0,Downtown,1999,2,0,19908000.0
115184,Agricultural Land,0,0.0,Rural,1950,0,0,12954000.0
139926,Agricultural Land,0,0.0,Suburban,1950,0,0,17714000.0
2279,Independent House,3,1.5,Suburban,1955,2,1,18768000.0
779,Apartment,2,2.5,Suburban,1966,3,0,8292000.0
619,Apartment,3,3.0,Downtown,1975,3,0,8574000.0
93089,Agricultural Land,0,0.0,Suburban,1950,0,0,12412000.0
657,Apartment,3,2.5,Rural,1971,3,1,6643000.0
1716,Apartment,2,1.5,Downtown,2022,3,1,14343000.0
1322,Apartment,1,2.0,Suburban,2013,1,1,11100000.0
1214,Apartment,2,2.5,Suburban,2025,1,1,11124000.0
1161,Apartment,1,1.0,Suburban,2007,3,0,9546000.0
1873,Penthouse,3,1.5,Suburban,1986,2,1,18937000.0
1221,Apartment,1,2.0,Downtown,2021,3,1,11674000.0
3935,Villa,4,2.5,Downtown,1977,3,1,36644000.0
1643,Apartment,1,1.5,Downtown,1998,1,0,12682000.0
1613,Apartment,2,1.5,Suburban,2022,2,1,12482000.0
54459,Agricultural Land,0,0.0,Downtown,1950,0,0,10220000.0
1657,Apartment,1,1.0,Rural,2016,1,1,9808000.0
2391,Penthouse,3,1.0,Suburban,2025,2,1,22693000.0
1591,Independent House,3,1.5,Downtown,2016,1,0,16078000.0
1182,Apartment,3,2.0,Suburban,1990,3,0,10933000.0
185547,Agricultural Land,0,0.0,Suburban,1950,0,0,22666000.0
1701,Apartment,3,2.0,Downtown,1995,2,1,14944000.0
138406,Agricultural Land,0,0.0,Downtown,1950,0,0,19054000.0
1612,Apartment,2,2.0,Downtown,2004,1,0,12902000.0
167499,Agricultural Land,0,0.0,Downtown,1950,0,0,22726000.0
606,Apartment,2,2.0,Rural,1960,3,1,5464000.0
2183,Independent House,4,1.5,Suburban,1975,1,1,18295000.0
1739,Penthouse,3,2.0,Rural,2021,1,1,17128000.0
80275,Agricultural Land,0,0.0,Suburban,1950,0,0,10710000.0
26248,Agricultural Land,0,0.0,Downtown,1950,0,0,7328000.0
3249,Penthouse,3,1.0,Rural,1962,1,1,24839000.0
71749,Agricultural Land,0,0.0,Downtown,1950,0,0,12011000.0
815,Apartment,2,1.0,Downtown,1985,3,0,9522000.0
1727,Apartment,1,1.5,Suburban,2013,2,1,12769000.0
1677,Apartment,2,4.0,Suburban,2000,1,0,13221000.0
3377,Independent House,4,1.5,Suburban,2025,3,0,25997000.0
1847,Independent House,2,3.5,Suburban,1971,1,0,15229000.0
2311,Independent House,3,2.0,Rural,2009,2,1,17007000.0
644,Apartment,3,2.0,Suburban,1951,1,1,7410000.0
4676,Villa,4,2.5,Suburban,2005,3,0,40238000.0
797,Apartment,1,1.0,Suburban,1989,1,1,7731000.0
1495,Apartment,3,1.5,Suburban,1977,1,0,11549000.0
3379,Independent House,3,4.0,Downtown,1952,2,0,26895000.0
2195,Penthouse,3,2.0,Rural,2012,2,1,19277000.0
1826,Villa,3,1.0,Suburban,1972,2,0,20266000.0
4165,Villa,4,1.0,Suburban,2004,1,1,36220000.0
964,Apartment,1,3.5,Rural,1981,3,1,7682000.0
1959,Independent House,4,3.0,Rural,1977,1,0,15534000.0
972,Apartment,1,2.0,Downtown,1957,1,0,9466000.0
2949,Independent House,3,1.5,Downtown,1952,1,1,23589000.0
1244,Independent House,4,3.0,Suburban,2002,1,1,14318000.0
1792,Apartment,1,1.5,Rural,1978,2,1,10787000.0
1077,Apartment,1,2.0,Suburban,2008,2,1,9684000.0
10461,Agricultural Land,0,0.0,Suburban,1950,0,0,3238000.0
25996,Agricultural Land,0,0.0,Suburban,1950,0,0,4361000.0
2635,Independent House,4,2.5,Downtown,1973,2,1,22336000.0
1130,Apartment,3,2.0,Rural,1987,2,1,8128000.0
1385,Apartment,1,2.5,Suburban,1977,3,1,11414000.0
1253,Independent House,4,3.0,Rural,2011,1,0,12179000.0
100507,Agricultural Land,0,0.0,Suburban,1950,0,0,13254000.0
1260,Apartment,2,2.5,Rural,2000,1,0,8434000.0
3301,Penthouse,3,2.0,Suburban,1956,1,1,27006000.0
1660,Apartment,2,1.5,Suburban,1972,3,1,12770000.0
118604,Agricultural Land,0,0.0,Rural,1950,0,0,13560000.0
2036,Independent House,2,1.5,Suburban,1995,3,1,17484000.0
2706,Penthouse,4,1.5,Suburban,1977,2,1,24353000.0
687,Apartment,2,2.0,Downtown,1973,1,1,8668000.0
3893,Villa,4,2.0,Suburban,1956,1,0,33901000.0
1742,Apartment,3,1.0,Rural,1998,3,1,11321000.0
1532,Apartment,1,1.5,Downtown,1952,1,1,12079000.0
22196,Agricultural Land,0,0.0,Suburban,1950,0,0,4090000.0
128789,Agricultural Land,0,0.0,Suburban,1950,0,0,16245000.0
138770,Agricultural Land,0,0.0,Downtown,1950,0,0,20090000.0
2766,Villa,5,1.5,Downtown,1951,3,0,28320000.0
2262,Penthouse,3,2.0,Suburban,1956,2,1,21507000.0
1361,Apartment,1,2.0,Downtown,1970,3,1,12252000.0
1393,Apartment,2,2.0,Rural,1958,1,0,8446000.0
1343,Apartment,1,2.5,Suburban,1961,3,0,10449000.0
2869,Villa,3,2.5,Suburban,1973,3,0,27335000.0
2531,Independent House,2,2.0,Downtown,1982,2,1,21498000.0
1157,Apartment,3,1.0,Suburban,1992,1,1,10298000.0
2994,Independent House,2,2.0,Suburban,1954,1,1,22316000.0
2025,Penthouse,3,2.0,Downtown,2020,2,0,21472000.0
1839,Independent House,2,1.0,Suburban,1963,3,1,15384000.0
602,Apartment,2,4.0,Rural,1985,3,1,5993000.0
1651,Apartment,2,2.0,Downtown,1984,1,0,13533000.0
756,Apartment,2,2.5,Suburban,1999,3,0,8383000.0
1454,Apartment,2,2.0,Rural,1960,2,1,9618000.0
3737,Villa,5,1.0,Downtown,1973,1,1,34990000.0
3754,Villa,5,1.0,Rural,2024,3,1,32768000.0
2310,Villa,3,2.5,Suburban,1993,2,1,24474000.0
1686,Independent House,4,1.5,Downtown,2000,2,0,16242000.0
2637,Penthouse,4,1.5,Downtown,1966,1,0,24419000.0
1170,Apartment,1,3.5,Downtown,2019,1,0,11367000.0
1714,Independent House,2,2.0,Downtown,1957,3,0,16579000.0
2838,Penthouse,4,1.0,Downtown,2023,3,1,26988000.0
838,Apartment,2,1.5,Suburban,1977,3,1,8173000.0
902,Apartment,2,2.0,Downtown,1961,2,0,9120000.0
86820,Agricultural Land,0,0.0,Suburban,1950,0,0,11405000.0
933,Apartment,3,1.5,Rural,1992,2,1,8214000.0
3960,Villa,3,1.0,Rural,1986,3,0,32456000.0
961,Apartment,2,2.0,Suburban,2012,1,0,9210000.0
3680,Villa,3,1.0,Rural,2012,2,0,30222000.0
1400,Apartment,1,2.5,Downtown,1959,2,0,12034000.0
696,Apartment,3,2.5,Downtown,1986,3,0,9453000.0
3781,Villa,3,1.0,Downtown,1960,1,1,34448000.0
615,Apartment,2,1.5,Suburban,1968,2,1,6870000.0
2977,Independent House,3,2.0,Rural,2001,1,1,20807000.0
975,Apartment,1,2.0,Suburban,1967,2,1,8581000.0
1341,Apartment,1,1.5,Suburban,1981,1,1,10524000.0
989,Apartment,3,1.5,Suburban,1972,1,1,9530000.0
1219,Apartment,2,4.0,Downtown,1961,2,1,11694000.0
98377,Agricultural Land,0,0.0,Suburban,1950,0,0,13063000.0
1423,Apartment,2,1.0,Suburban,2007,1,1,11690000.0
3367,Independent House,2,4.0,Downtown,1970,2,1,26453000.0
795,Apartment,1,1.0,Downtown,1970,2,1,8684000.0
1017,Apartment,1,1.5,Suburban,1978,1,0,8315000.0
45229,Agricultural Land,0,0.0,Suburban,1950,0,0,6911000.0
1167,Apartment,2,2.0,Suburban,1996,2,1,10638000.0
111969,Agricultural Land,0,0.0,Suburban,1950,0,0,14445000.0
830,Apartment,1,1.0,Rural,1961,1,0,4839000.0
2683,Villa,5,1.0,Suburban,2007,2,0,26819000.0
1702,Independent House,4,1.5,Downtown,1990,1,0,17307000.0
76055,Agricultural Land,0,0.0,Suburban,1950,0,0,10662000.0
2622,Independent House,2,4.0,Suburban,1968,2,1,20657000.0
3068,Independent House,4,2.0,Downtown,1961,2,0,23845000.0
1187,Apartment,3,2.0,Suburban,1972,3,1,10562000.0
1497,Apartment,3,2.5,Suburban,1954,2,0,11608000.0
199522,Agricultural Land,0,0.0,Suburban,1950,0,0,23824000.0
970,Apartment,3,2.5,Suburban,1975,2,1,9336000.0
2583,Independent House,4,2.5,Suburban,2012,1,1,21451000.0
3414,Penthouse,4,1.5,Rural,2001,1,1,25954000.0
677,Apartment,1,1.0,Rural,1959,1,1,5094000.0
142110,Agricultural Land,0,0.0,Suburban,1950,0,0,17859000.0
2447,Villa,5,1.5,Suburban,1988,1,1,25415000.0
3187,Independent House,2,1.5,Rural,1972,3,1,21746000.0
124489,Agricultural Land,0,0.0,Rural,1950,0,0,13809000.0
881,Apartment,3,1.0,Rural,1960,3,1,6841000.0
1039,Apartment,2,1.0,Downtown,2021,1,1,11230000.0
3317,Independent House,3,3.5,Downtown,1997,1,1,26187000.0
1757,Apartment,3,3.5,Rural,1965,1,1,11454000.0
4593,Villa,5,1.0,Rural,1995,1,0,37053000.0
12793,Agricultural Land,0,0.0,Suburban,1950,0,0,3439000.0
1765,Independent House,4,1.5,Rural,1996,2,1,14470000.0
694,Apartment,2,1.0,Suburban,1997,1,0,6821000.0
38842,Agricultural Land,0,0.0,Suburban,1950,0,0,6517000.0
2596,Independent House,3,1.5,Suburban,2018,2,1,21342000.0
1479,Independent House,2,1.5,Suburban,1974,1,1,13819000.0
3060,Independent House,3,3.5,Suburban,1986,3,0,23960000.0
128070,Agricultural Land,0,0.0,Rural,1950,0,0,14402000.0
3142,Independent House,4,1.0,Suburban,2012,3,1,23787000.0
3350,Penthouse,3,1.5,Rural,1978,1,1,25345000.0
1792,Penthouse,4,1.0,Rural,2007,3,1,17139000.0
624,Apartment,2,4.0,Downtown,1980,3,1,9272000.0
2295,Independent House,4,3.5,Downtown,2017,3,1,21624000.0
3028,Penthouse,3,2.5,Suburban,1990,3,1,26248000.0
2189,Independent House,3,2.0,Downtown,1999,2,1,20389000.0
2438,Penthouse,4,1.5,Suburban,1993,2,1,22273000.0
132979,Agricultural Land,0,0.0,Downtown,1950,0,0,18903000.0
4958,Villa,5,1.5,Suburban,1958,2,1,41223000.0
2453,Villa,3,2.0,Downtown,2008,2,1,26000000.0
3169,Penthouse,3,2.5,Downtown,1976,1,1,28178000.0
2484,Penthouse,3,1.5,Downtown,2008,3,1,24122000.0
2931,Independent House,2,1.5,Rural,1952,3,1,19932000.0
1764,Apartment,3,2.0,Suburban,1956,1,0,12304000.0
2126,Independent House,3,1.5,Rural,1965,1,1,15027000.0
3725,Villa,4,2.0,Rural,1998,2,1,31622000.0
1574,Independent House,2,2.0,Rural,1981,2,0,12521000.0
4141,Villa,3,1.0,Suburban,1993,3,1,35753000.0
2329,Independent House,2,2.0,Suburban,1968,1,1,18920000.0
3077,Villa,4,3.5,Downtown,1952,3,1,30788000.0
639,Apartment,2,1.5,Downtown,2009,1,1,9068000.0
4623,Villa,3,1.5,Rural,1984,2,0,36385000.0
1519,Independent House,4,1.0,Downtown,1978,3,1,16051000.0
1145,Apartment,2,2.5,Rural,2024,3,1,8807000.0
835,Apartment,2,3.0,Suburban,2019,1,1,8980000.0
2262,Villa,3,2.0,Suburban,1994,3,1,23842000.0
2251,Independent House,4,1.5,Downtown,1976,2,0,19535000.0
1082,Apartment,1,3.5,Suburban,2018,3,1,10672000.0
74446,Agricultural Land,0,0.0,Suburban,1950,0,0,9749000.0
2142,Villa,3,2.5,Suburban,1984,1,0,22694000.0
72160,Agricultural Land,0,0.0,Suburban,1950,0,0,10187000.0
2462,Independent House,4,2.0,Downtown,1968,3,1,21471000.0
2202,Independent House,4,1.5,Suburban,1966,2,1,19339000.0
172119,Agricultural Land,0,0.0,Suburban,1950,0,0,20936000.0
3398,Independent House,4,1.5,Downtown,1984,1,1,26284000.0
4353,Villa,4,2.5,Downtown,1979,1,0,38293000.0
683,Apartment,1,2.0,Suburban,1997,2,0,7718000.0
1992,Independent House,3,2.0,Suburban,2006,1,1,17398000.0
1429,Apartment,3,1.0,Suburban,1966,1,1,11342000.0
1460,Apartment,2,2.0,Downtown,1964,3,1,12370000.0
942,Apartment,3,3.0,Suburban,1963,1,1,9322000.0
1465,Apartment,3,3.5,Suburban,1963,3,1,12609000.0
126808,Agricultural Land,0,0.0,Suburban,1950,0,0,15937000.0
892,Apartment,1,1.0,Suburban,1994,2,0,7883000.0
3403,Villa,3,2.5,Suburban,1987,2,0,30853000.0
2749,Penthouse,3,2.0,Downtown,2012,2,1,25561000.0
2193,Independent House,3,3.0,Suburban,2024,2,0,19223000.0
1197,Apartment,1,2.5,Suburban,1960,1,1,10007000.0
2444,Villa,5,4.0,Suburban,1997,1,1,25962000.0
2247,Villa,3,4.0,Rural,1975,3,1,22609000.0
4537,Villa,4,1.5,Suburban,2016,3,1,39480000.0
2501,Penthouse,4,2.5,Suburban,1974,3,1,23525000.0
187100,Agricultural Land,0,0.0,Rural,1950,0,0,21185000.0
1763,Independent House,2,2.0,Downtown,2010,1,1,17330000.0
1334,Apartment,1,1.5,Rural,1975,3,1,8985000.0
3442,Villa,3,1.5,Downtown,1983,1,1,32612000.0
849,Apartment,2,1.0,Rural,1958,2,0,5749000.0
208201,Agricultural Land,0,0.0,Downtown,1950,0,0,27409000.0
1200,Apartment,3,2.5,Suburban,1989,1,1,10123000.0
724,Apartment,3,1.5,Suburban,2024,2,1,8440000.0
1612,Penthouse,4,3.0,Rural,1956,3,1,16245000.0
1980,Independent House,4,2.5,Downtown,1979,1,0,18572000.0
